Unit_name,Trust_name
SINGLETONHOSPITAL,CWMTAFMORGANNWGUNIVERSITYHEALTHBOARD
AIREDALEGENERALHOSPITAL,AIREDALENHSFOUNDATIONTRUST
ALDERHEYCHILDRENSHOSPITAL,ALDERHEYCHILDRENSNHSFOUNDATIONTRUST
NEVILLHALLHOSPITAL,ANEURINBEVANUNIVERSITYHEALTHBOARD
ROYALGWENTHOSPITAL,ANEURINBEVANUNIVERSITYHEALTHBOARD
THEGRANGEUNIVERSITYHOSPITAL,ANEURINBEVANUNIVERSITYHEALTHBOARD
STPETERSHOSPITAL,ASHFORDANDSTPETERSHOSPITALNHSFOUNDATIONTRUST
KINGGEORGEHOSPITAL,BARKINGHAVERINGANDREDBRIDGEUNIVERSITYHOSPITALSNHSTRUST
QUEENSHOSPITALROMFORD,BARKINGHAVERINGANDREDBRIDGEUNIVERSITYHOSPITALSNHSTRUST
BARNSLEYDISTRICTGENERALHOSPITAL,BARNSLEYHOSPITALNHSFOUNDATIONTRUST
BARNSLEYHOSPITAL,BARNSLEYHOSPITALNHSFOUNDATIONTRUST
NEWHAMGENERALHOSPITAL,BARTSHEALTHNHSTRUST
NEWHAMUNIVERSITYHOSPITAL,BARTSHEALTHNHSTRUST
THEROYALLONDONHOSPITAL,BARTSHEALTHNHSTRUST
BASILDONUNIVERSITYHOSPITAL,BASILDONANDTHURROCKUNIVERSITYHOSPITALSNHSFOUNDATIONTRUST
BEDFORDHOSPITAL,BEDFORDSHIREHOSPITALSNHSFOUNDATIONTRUST
LUTONANDDUNSTABLEHOSPITAL,BEDFORDSHIREHOSPITALSNHSFOUNDATIONTRUST
LUTONDUNSTABLEHOSPITAL,BEDFORDSHIREHOSPITALSNHSFOUNDATIONTRUST
LUTONDUNSTABLEUNIVERSITYHOSPITAL,BEDFORDSHIREHOSPITALSNHSFOUNDATIONTRUST
ULSTERHOSPITAL,BELFASTHEALTHANDSOCIALCARETRUST
GLANCLWYDHOSPITAL,BETSICADWALADRUNIVERSITYHEALTHBOARD
WREXHAMMAELORHOSPITAL,BETSICADWALADRUNIVERSITYHEALTHBOARD
YSBYTYGWYNEDD,BETSICADWALADRUNIVERSITYHEALTHBOARD
BIRMINGHAMWOMENSHOSPITAL,BIRMINGHAMWOMENSANDCHILDRENSNHSFOUNDATIONTRUST
VICTORIAHOSPITALBLACKPOOL,BLACKPOOLTEACHINGHOSPITALSNHSFOUNDATIONTRUST
ROYALBOLTONHOSPITAL,BOLTONNHSFOUNDATIONTRUST
BRADFORDROYALINFIRMARY,BRADFORDTEACHINGHOSPITALSNHSFOUNDATIONTRUST
STOKEMANDEVILLEHOSPITAL,BUCKINGHAMSHIREHEALTHCARENHSTRUST
CALDERDALEROYALHOSPITAL,CALDERDALEANDHUDDERSFIELDNHSFOUNDATIONTRUST
ROSIEMATERNITYHOSPITALADDENBROOKES,CAMBRIDGEUNIVERSITYHOSPITALSNHSFOUNDATIONTRUST
UNIVERSITYHOSPITALOFWALES,CARDIFFANDVALEUNIVERSITYHEALTHBOARD
CHELSEA&WESTMINSTERHOSPITAL,CHELSEAANDWESTMINSTERHOSPITALNHSFOUNDATIONTRUST
CHELSEAANDWESTMINSTERHOSPITAL,CHELSEAANDWESTMINSTERHOSPITALNHSFOUNDATIONTRUST
CHELSEAWESTMINSTERHOSPITAL,CHELSEAANDWESTMINSTERHOSPITALNHSFOUNDATIONTRUST
CHESTERFIELDANDNORTHDERBYSHIREROYALHOSPITAL,CHESTERFIELDROYALHOSPITALNHSFOUNDATIONTRUST
CHESTERFIELDNORTHDERBYSHIREROYALHOSPITAL,CHESTERFIELDROYALHOSPITALNHSFOUNDATIONTRUST
CHESTERFIELDROYALHOSPITAL,CHESTERFIELDROYALHOSPITALNHSFOUNDATIONTRUST
COUNTESSOFCHESTERHOSPITAL,COUNTESSOFCHESTERHOSPITALNHSFOUNDATIONTRUST
DARLINGTONMEMORIALHOSPITAL,COUNTYDURHAMANDDARLINGTONNHSFOUNDATIONTRUST
UNIVERSITYHOSPITALOFNORTHDURHAM,COUNTYDURHAMANDDARLINGTONNHSFOUNDATIONTRUST
CROYDONUNIVERSITYHOSPITAL,CROYDONHEALTHSERVICESNHSTRUST
PRINCESSOFWALESHOSPITAL,CWMTAFMORGANNWGUNIVERSITYHEALTHBOARD
PRINCESSOFWALESHOSPITALBRIDGEND,CWMTAFMORGANNWGUNIVERSITYHEALTHBOARD
ROYALGLAMORGANHOSPITAL,CWMTAFMORGANNWGUNIVERSITYHEALTHBOARD
DARENTVALLEYHOSPITAL,DARTFORDANDGRAVESHAMNHSTRUST
ROYALDERBYHOSPITAL,DERBYTEACHINGHOSPITALSNHSFOUNDATIONTRUST
DONCASTERROYALINFIRMARY,DONCASTERANDBASSETLAWHOSPITALSNHSFOUNDATIONTRUST
BASSETLAWDISTRICTGENERALHOSPITAL,DONCASTERANDBASSETLAWHOSPITALSNHSFOUNDATIONTRUST
BASSETLAWHOSPITAL,DONCASTERANDBASSETLAWHOSPITALSNHSFOUNDATIONTRUST
DORSETCOUNTYHOSPITAL,DORSETCOUNTYHOSPITALNHSFOUNDATIONTRUST
LISTERHOSPITAL,EASTANDNORTHHERTFORDSHIRENHSTRUST
MACCLESFIELDDISTRICTGENERALHOSPITAL,EASTCHESHIRENHSTRUST
WILLIAMHARVEYHOSPITAL,EASTKENTHOSPITALSUNIVERSITYNHSFOUNDATIONTRUST
LANCASHIREWOMENANDNEWBORNCENTRE,EASTLANCASHIREHOSPITALSNHSTRUST
LANCASHIREWOMENANDNEWBORNCENTREBURNLEYGENERALHOSPITAL,EASTLANCASHIREHOSPITALSNHSTRUST
LANCASHIREWOMENNEWBORNCENTRE,EASTLANCASHIREHOSPITALSNHSTRUST
COLCHESTERGENERALHOSPITAL,EASTSUFFOLKANDNORTHESSEXNHSFOUNDATIONTRUST
IPSWICHHOSPITAL,EASTSUFFOLKANDNORTHESSEXNHSFOUNDATIONTRUST
CONQUESTHOSPITAL,EASTSUSSEXHEALTHCARENHSTRUST
EASTBOURNEDISTRICTGENERALHOSPITAL,EASTSUSSEXHEALTHCARENHSTRUST
EPSOMGENERALHOSPITAL,EPSOMANDSTHELIERUNIVERSITYHOSPITALSNHSTRUST
STHELIERHOSPITAL,EPSOMANDSTHELIERUNIVERSITYHOSPITALSNHSTRUST
FRIMLEYPARKHOSPITAL,FRIMLEYHEALTHNHSFOUNDATIONTRUST
WEXHAMPARKHOSPITAL,FRIMLEYHEALTHNHSFOUNDATIONTRUST
QUEENELIZABETHHOSPITALGATESHEAD,GATESHEADHEALTHNHSFOUNDATIONTRUST
GEORGEELIOTHOSPITAL,GEORGEELIOTHOSPITALNHSTRUST
GLOUCESTERSHIREROYALHOSPITAL,GLOUCESTERSHIREHOSPITALSNHSFOUNDATIONTRUST
GREATWESTERNHOSPITAL,GREATWESTERNHOSPITALSNHSFOUNDATIONTRUST
EVELINALONDONCHILDRENSHOSPITAL,GUYSANDSTTHOMASNHSFOUNDATIONTRUST
GUYSANDSTTHOMASHOSPITAL,GUYSANDSTTHOMASNHSFOUNDATIONTRUST
GUYSANDSTTHOMASHOSPITAL(EVELINALONDON),GUYSANDSTTHOMASNHSFOUNDATIONTRUST
GUYSANDSTTHOMASHOSPITALEVELINALONDON,GUYSANDSTTHOMASNHSFOUNDATIONTRUST
GUYSSTTHOMASHOSPITAL,GUYSANDSTTHOMASNHSFOUNDATIONTRUST
BASINGSTOKE&NORTHHAMPSHIREHOSPITAL,HAMPSHIREHOSPITALSNHSFOUNDATIONTRUST
BASINGSTOKEANDNORTHHAMPSHIREHOSPITAL,HAMPSHIREHOSPITALSNHSFOUNDATIONTRUST
BASINGSTOKENORTHHAMPSHIREHOSPITAL,HAMPSHIREHOSPITALSNHSFOUNDATIONTRUST
ROYALHAMPSHIRECOUNTYHOSPITAL,HAMPSHIREHOSPITALSNHSFOUNDATIONTRUST
HARROGATEDISTRICTHOSPITAL,HARROGATEANDDISTRICTNHSFOUNDATIONTRUST
HOMERTONHOSPITAL,HOMERTONHEALTHCARENHSFOUNDATIONTRUST
HOMERTONUNIVERSITYHOSPITAL,HOMERTONHEALTHCARENHSFOUNDATIONTRUST
HULLROYALINFIRMARY,HULLUNIVERSITYTEACHINGHOSPITALSNHSTRUST
BRONGLAISGENERALHOSPITAL,HYWELDDAUNIVERSITYHEALTHBOARD
GLANGWILIGENERALHOSPITAL,HYWELDDAUNIVERSITYHEALTHBOARD
WITHYBUSHHOSPITAL,HYWELDDAUNIVERSITYHEALTHBOARD
QUEENCHARLOTTEANDCHELSEAHOSPITAL,IMPERIALCOLLEGEHEALTHCARENHSTRUST
QUEENCHARLOTTECHELSEAHOSPITAL,IMPERIALCOLLEGEHEALTHCARENHSTRUST
QUEENCHARLOTTESHOSPITAL,IMPERIALCOLLEGEHEALTHCARENHSTRUST
STMARYSHOSPITALLONDON,IMPERIALCOLLEGEHEALTHCARENHSTRUST
STMARYSHOSPITALIOW,ISLEOFWIGHTNHSTRUST
STMARYSHOSPITALISLEOFWIGHT,ISLEOFWIGHTNHSTRUST
JAMESPAGETHOSPITAL,JAMESPAGETUNIVERSITYHOSPITALSNHSFOUNDATIONTRUST
KETTERINGGENERALHOSPITAL,KETTERINGGENERALHOSPITALNHSFOUNDATIONTRUST
KINGSCOLLEGEHOSPITAL,KINGSCOLLEGEHOSPITALNHSFOUNDATIONTRUST
PRINCESSROYALUNIVERSITYHOSPITAL,KINGSCOLLEGEHOSPITALNHSFOUNDATIONTRUST
PRINCESSROYALUNIVERSITYHOSPITALFARNBOROUGH,KINGSCOLLEGEHOSPITALNHSFOUNDATIONTRUST
KINGSTONHOSPITAL,KINGSTONHOSPITALNHSFOUNDATIONTRUST
ROYALPRESTONHOSPITAL,LANCASHIRETEACHINGHOSPITALSNHSFOUNDATIONTRUST
LEEDSNEONATALSERVICE,THELEEDSTEACHINGHOSPITALSNHSTRUST
LEEDSNEONATALSERVICELEEDSGENERALINFIRMARYANDSTJAMESSHOSPITAL,THELEEDSTEACHINGHOSPITALSNHSTRUST
QUEENELIZABETHHOSPITALWOOLWICH,LEWISHAMANDGREENWICHNHSFOUNDATIONTRUST
UNIVERSITYHOSPITALLEWISHAM,LEWISHAMANDGREENWICHNHSFOUNDATIONTRUST
LIVERPOOLWOMENSHOSPITAL,LIVERPOOLWOMENSNHSFOUNDATIONTRUST
EALINGHOSPITAL,LONDONNORTHWESTUNIVERSITYHEALTHCARENHSTRUST
NORTHWICKPARKHOSPITAL,LONDONNORTHWESTUNIVERSITYHEALTHCARENHSTRUST
WESTMIDDLESEXUNIVERSITYHOSPITAL,LONDONNORTHWESTUNIVERSITYHEALTHCARENHSTRUST
LUTONANDDUNSTABLEUNIVERSITYHOSPITAL,BEDFORDSHIREHOSPITALSNHSFOUNDATIONTRUST
TUNBRIDGEWELLSHOSPITAL,MAIDSTONEANDTUNBRIDGEWELLSNHSTRUST
NORTHMANCHESTERGENERALHOSPITAL,MANCHESTERUNIVERSITYNHSFOUNDATIONTRUST
STMARYSHOSPITALMANCHESTER,MANCHESTERUNIVERSITYNHSFOUNDATIONTRUST
UNIVERSITYHOSPITALOFSOUTHMANCHESTER,MANCHESTERUNIVERSITYNHSFOUNDATIONTRUST
WYTHENSHAWEHOSPITAL,MANCHESTERUNIVERSITYNHSFOUNDATIONTRUST
NOBLESHOSPITAL,MANXCARE
MEDWAYMARITIMEHOSPITAL,MEDWAYNHSFOUNDATIONTRUST
QUEENELIZABETHTHEQUEENMOTHERHOSPITAL,MEDWAYNHSFOUNDATIONTRUST
ORMSKIRKDISTRICTGENERALHOSPITAL,MERSEYANDWESTLANCASHIRETEACHINGHOSPITALSNHSTRUST
BASILDONHOSPITAL,MIDANDSOUTHESSEXNHSFOUNDATIONTRUST
BROOMFIELDHOSPITAL,MIDANDSOUTHESSEXNHSFOUNDATIONTRUST
BROOMFIELDHOSPITALCHELMSFORD,MIDANDSOUTHESSEXNHSFOUNDATIONTRUST
LEIGHTONHOSPITAL,MIDCHESHIREHOSPITALSNHSFOUNDATIONTRUST
DEWSBURYANDDISTRICTHOSPITAL,MIDYORKSHIRETEACHINGNHSTRUST
DEWSBURYDISTRICTHOSPITAL,MIDYORKSHIRETEACHINGNHSTRUST
PINDERFIELDSGENERALHOSPITAL,MIDYORKSHIRETEACHINGNHSTRUST
PINDERFIELDSGENERALINFIRMARY,MIDYORKSHIRETEACHINGNHSTRUST
PINDERFIELDSGENERALINFIRMARYPONTEFRACT,MIDYORKSHIRETEACHINGNHSTRUST
MILTONKEYNESFOUNDATIONTRUSTHOSPITAL,MILTONKEYNESUNIVERSITYHOSPITALNHSFOUNDATIONTRUST
MILTONKEYNESUNIVERSITYHOSPITAL,MILTONKEYNESUNIVERSITYHOSPITALNHSFOUNDATIONTRUST
AYRSHIREMATERNITYUNITCROSSHOUSE,NHSAYRSHIREANDARRAN
BORDERSGENERALHOSPITALMELROSE,NHSBORDERS
BORDERSGENERALMELROSE,NHSBORDERS
DUMFRIESANDGALLOWAYROYALINFIRMARY,NHSDUMFRIESANDGALLOWAY
DUMFRIESANDGALLOWAYROYALINFIRMARYCRESSWELLMATERNITYWING,NHSDUMFRIESANDGALLOWAY
DUMFRIESGALLOWAYROYALINFIRMARY,NHSDUMFRIESANDGALLOWAY
DUMFRIESGALLOWAYROYALINFIRMARYCRESSWELLMATERNITYWING,NHSDUMFRIESANDGALLOWAY
VICTORIAHOSPITALFIFE,NHSFIFE
VICTORIAHOSPITALKIRKCALDY,NHSFIFE
FORTHVALLEYROYALHOSPITAL,NHSFORTHVALLEY
ABERDEENMATERNITYHOSPITAL,NHSGRAMPIAN
DRGRAYSHOSPITALELGIN,NHSGRAMPIAN
PRINCESSROYALMATERNITYGLASGOW,NHSGREATERGLASGOWANDCLYDE
PRINCESSROYALMATERNITYHOSPITALGLASGOW,NHSGREATERGLASGOWANDCLYDE
ROYALALEXANDRAHOSPITALPAISLEY,NHSGREATERGLASGOWANDCLYDE
ROYALALEXANDRAPAISLEY,NHSGREATERGLASGOWANDCLYDE
ROYALHOSPITALFORCHILDREN,NHSGREATERGLASGOWANDCLYDE
ROYALHOSPITALFORCHILDRENGLASGOW,NHSGREATERGLASGOWANDCLYDE
RAIGMOREHOSPITALINVERNESS,NHSHIGHLAND
RAIGMOREINVERNESS,NHSHIGHLAND
WISHAWGENERALHOSPITAL,NHSLANARKSHIRE
WISHAWGENERALLANARKSHIRESCOTLAND,NHSLANARKSHIRE
ROYALHOSPITALFORSICKCHILDRENEDINBURGH,NHSLOTHIAN
SIMPSONCENTREFORREPRODUCTIVEHEALTHEDINBURGH,NHSLOTHIAN
STJOHNSHOSPITALLIVINGSTON,NHSLOTHIAN
BALFOUR,NHSORKNEY
NO_NNAP_HOSPITAL,NHSSHETLAND
NINEWELLSDUNDEE,NHSTAYSIDE
NINEWELLSHOSPITALDUNDEE,NHSTAYSIDE
NO_NNAP_HOSPITAL,NHSWESTERNISLES
NORFOLK&NORWICHUNIVERSITYHOSPITAL,NORFOLKANDNORWICHUNIVERSITYHOSPITALSNHSFOUNDATIONTRUST
NORFOLKANDNORWICHUNIVERSITYHOSPITAL,NORFOLKANDNORWICHUNIVERSITYHOSPITALSNHSFOUNDATIONTRUST
NORFOLKNORWICHUNIVERSITYHOSPITAL,NORFOLKANDNORWICHUNIVERSITYHOSPITALSNHSFOUNDATIONTRUST
NORTHAMPTONGENERALHOSPITAL,NORTHAMPTONGENERALHOSPITALNHSTRUST
SOUTHMEADHOSPITAL,NORTHBRISTOLNHSTRUST
NORTHBRISTOLNHSTRUSTSOUTHMEAD,NORTHBRITSOLNHSTRUST
CUMBERLANDINFIRMARY,NORTHCUMBRIAINTEGRATEDCARENHSFOUNDATIONTRUST
WESTCUMBERLANDHOSPITAL,NORTHCUMBRIAINTEGRATEDCARENHSFOUNDATIONTRUST
SALFORDROYALHOSPITAL,NORTHERNCAREALLIANCENHSFOUNDATIONTRUST
NORTHDEVONDISTRICTHOSPITAL,ROYALDEVONUNIVERSITYHEALTHCARENHSFOUNDATIONTRUST
ANTRIMAREAHOSPITAL,NORTHERNHEALTHANDSOCIALCARETRUST
DIANAPRINCESSOFWALESHOSPITAL,NORTHERNLINCOLNSHIREANDGOOLEHOSPITALSNHSFOUNDATIONTRUST
SCUNTHORPEGENERALHOSPITAL,NORTHERNLINCOLNSHIREANDGOOLEHOSPITALSNHSFOUNDATIONTRUST
NORTHMIDDLESEXUNIVERSITYHOSPITAL,NORTHMIDDLESEXUNIVERSITYHOSPITALNHSTRUST
UNIVERSITYHOSPITALOFNORTHTEES,NORTHTEESANDHARTLEPOOLNHSFOUNDATIONTRUST
NORTHUMBRIASPECIALISTEMERGENCYCAREHOSPITAL,NORTHUMBRIAHEALTHCARENHSFOUNDATIONTRUST
WANSBECKGENERALHOSPITAL,NORTHUMBRIAHEALTHCARENHSFOUNDATIONTRUST
HINCHINGBROOKEHOSPITAL,NORTHWESTANGLIANHSFOUNDATIONTRUST
PETERBOROUGHCITYHOSPITAL,NORTHWESTANGLIANHSFOUNDATIONTRUST
NOTTINGHAMCITYHOSPITAL,NOTTINGHAMUNIVERSITYHOSPITALSNHSTRUST
NOTTINGHAMUNIVERSITYHOSPITAL(QMC),NOTTINGHAMUNIVERSITYHOSPITALSNHSTRUST
NOTTINGHAMUNIVERSITYHOSPITALQMC,NOTTINGHAMUNIVERSITYHOSPITALSNHSTRUST
OXFORDUNIVERSITYHOSPITALSHORTONHOSPITAL,OXFORDUNIVERSITYHOSPITALSNHSFOUNDATIONTRUST
OXFORDUNIVERSITYHOSPITALSJOHNRADCLIFFEHOSPITAL,OXFORDUNIVERSITYHOSPITALSNHSFOUNDATIONTRUST
JOHNRADCLIFFEHOSPITAL,OXFORDUNIVERSITYHOSPITALSNHSTRUST
POOLEGENERALHOSPITAL,UNIVERSITYHOSPITALSDORSETNHSFOUNDATIONTRUST
QUEENALEXANDRAHOSPITAL,PORTSMOUTHHOSPITALSUNIVERSITYNHSTRUST
PRINCECHARLESHOSPITAL,POWYSTEACHINGHEALTHBOARD
RAFLAKENHEATHMEDICALHOSPITAL,RAFLAKENHEATH48THMEDICALGROUP
ROYALBERKSHIREHOSPITAL,ROYALBERKSHIRENHSFOUNDATIONTRUST
ROYALCORNWALLHOSPITAL,ROYALCORNWALLHOSPITALSNHSTRUST
ROYALDEVON&EXETERHOSPITAL,ROYALDEVONUNIVERSITYHEALTHCARENHSFOUNDATIONTRUST
ROYALDEVONANDEXETERHOSPITAL,ROYALDEVONUNIVERSITYHEALTHCARENHSFOUNDATIONTRUST
ROYALDEVONEXETERHOSPITAL,ROYALDEVONUNIVERSITYHEALTHCARENHSFOUNDATIONTRUST
BARNETHOSPITAL,ROYALFREELONDONNHSFOUNDATIONTRUST
ROYALFREEHOSPITAL,ROYALFREELONDONNHSFOUNDATIONTRUST
THEROYALFREEHOSPITAL,ROYALFREELONDONNHSFOUNDATIONTRUST
ROYALSURREYCOUNTYHOSPITAL,ROYALSURREYCOUNTYHOSPITALNHSFOUNDATIONTRUST
ROYALUNITEDHOSPITAL,ROYALUNITEDHOSPITALSBATHNHSFOUNDATIONTRUST
SALISBURYDISTRICTHOSPITAL,SALISBURYNHSFOUNDATIONTRUST
BIRMINGHAMCITYHOSPITAL,SANDWELLANDWESTBIRMINGHAMHOSPITALSNHSTRUST
CITYHOSPITALBIRMINGHAM,SANDWELLANDWESTBIRMINGHAMHOSPITALSNHSTRUST
JESSOPWINGSHEFFIELD,SHEFFIELDTEACHINGHOSPITALSNHSFOUNDATIONTRUST
THEJESSOPWINGSHEFFIELD,SHEFFIELDTEACHINGHOSPITALSNHSFOUNDATIONTRUST
KINGSMILLHOSPITAL,SHERWOODFORESTHOSPITALSNHSFOUNDATIONTRUST
TAUNTONANDSOMERSETHOSPITAL,SOMERSETNHSFOUNDATIONTRUST
TAUNTONSOMERSETHOSPITAL,SOMERSETNHSFOUNDATIONTRUST
ULSTERHOSPITAL_SECOND_NO_NNAP_DATA,SOUTHEASTERNHEALTHANDSOCIALCARETRUST
SOUTHENDHOSPITAL,MIDANDSOUTHESSEXNHSFOUNDATIONTRUST
JAMESCOOKUNIVERSITYHOSPITAL,SOUTHTEESHOSPITALSNHSFOUNDATIONTRUST
THEJAMESCOOKUNIVERSITYHOSPITAL,SOUTHTEESHOSPITALSNHSFOUNDATIONTRUST
SUNDERLANDROYALHOSPITAL,SOUTHTYNESIDEANDSUNDERLANDNHSFOUNDATIONTRUST
SOUTHTYNESIDEDISTRICTHOSPITAL,SOUTHTYNESIDEANDSUNDERLANDNHSFOUNDATIONTRUST
WARWICKHOSPITAL,SOUTHWARWICKSHIREUNIVERSITYNHSFOUNDATIONTRUST
NO_NNAP_HOSPITAL,STATESOFGUERNSEYHEALTHSOCIALSERVICES
NO_NNAP_HOSPITAL,STATESOFJERSEYHEALTHSOCIALSERVICES
STGEORGESHOSPITAL,STGEORGESUNIVERSITYHOSPITALSNHSFOUNDATIONTRUST
STEPPINGHILLHOSPITAL,STOCKPORTNHSFOUNDATIONTRUST
EASTSURREYHOSPITAL,SURREYANDSUSSEXHEALTHCARENHSTRUST
TAMESIDEGENERALHOSPITAL,TAMESIDEANDGLOSSOPINTEGRATEDCARENHSFOUNDATIONTRUST
MUSGROVEPARKHOSPITAL,SOMERSETNHSFOUNDATIONTRUST
HILLINGDONHOSPITAL,THEHILLINGDONHOSPITALSNHSFOUNDATIONTRUST
LEEDSNEONATALSERVICE(LEEDSGENERALINFIRMARYANDSTJAMESSHOSPITAL),THELEEDSTEACHINGHOSPITALSNHSTRUST
PINDERFIELDSGENERALINFIRMARY(PONTEFRACT),THEMIDYORKSHIREHOSPITALSNHSTRUST
ROYALVICTORIAINFIRMARY,THENEWCASTLEUPONTYNEHOSPITALSNHSFOUNDATIONTRUST
ROYALOLDHAMHOSPITAL,NORTHERNCAREALLIANCENHSFOUNDATIONTRUST
PORTLANDHOSPITAL,THEPORTLANDHOSPITALFORWOMENANDCHILDREN
PRINCESSALEXANDRAHOSPITAL,THEPRINCESSALEXANDRAHOSPITALNHSTRUST
QUEENELIZABETHHOSPITALKINGSLYNN,THEQUEENELIZABETHHOSPITALKINGSLYNNNHSFOUNDATIONTRUST
ROTHERHAMDISTRICTGENERALHOSPITAL,THEROTHERHAMNHSFOUNDATIONTRUST
NEWCROSSHOSPITAL,THEROYALWOLVERHAMPTONNHSTRUST
PRINCESSROYALHOSPITALTELFORD,THESHREWSBURYANDTELFORDHOSPITALNHSTRUST
ROYALSHREWSBURYHOSPITAL,THESHREWSBURYANDTELFORDHOSPITALNHSTRUST
TORBAYHOSPITAL,TORBAYANDSOUTHDEVONNHSFOUNDATIONTRUST
LINCOLNCOUNTYHOSPITAL,UNITEDLINCOLNSHIREHOSPITALSNHSTRUST
PILGRIMGENERALHOSPITAL,UNITEDLINCOLNSHIREHOSPITALSNHSTRUST
PILGRIMHOSPITAL,UNITEDLINCOLNSHIREHOSPITALSNHSTRUST
UNIVERSITYCOLLEGEHOSPITAL,UNIVERSITYCOLLEGELONDONHOSPITALSNHSFOUNDATIONTRUST
UNIVERSITYCOLLEGELONDONHOSPITAL,UNIVERSITYCOLLEGELONDONHOSPITALSNHSFOUNDATIONTRUST
ALEXANDRAHOSPITAL,UNIVERSITYHOSPITALSBIRMINGHAMNHSFOUNDATIONTRUST
BIRMINGHAMHEARTLANDSHOSPITAL,UNIVERSITYHOSPITALSBIRMINGHAMNHSFOUNDATIONTRUST
GOODHOPEHOSPITAL,UNIVERSITYHOSPITALSBIRMINGHAMNHSFOUNDATIONTRUST
STMICHAELSHOSPITAL,UNIVERSITYHOSPITALSBRISTOLANDWESTONNHSFOUNDATIONTRUST
UNIVERSITYHOSPITALCOVENTRY,UNIVERSITYHOSPITALSCOVENTRYANDWARWICKSHIRENHSTRUST
POOLEHOSPITALNHSFOUNDATIONTRUST,UNIVERSITYHOSPITALSDORSETNHSFOUNDATIONTRUST
QUEENSHOSPITALBURTONONTRENT,UNIVERSITYHOSPITALSOFDERBYANDBURTONNHSFOUNDATIONTRUST
LEICESTERNEONATALSERVICE,UNIVERSITYHOSPITALSOFLEICESTERNHSTRUST
LEICESTERNEONATALSERVICELEICESTERROYALINFIRMARYANDLEICESTERGENERALHOSPITAL,UNIVERSITYHOSPITALSOFLEICESTERNHSTRUST
FURNESSGENERALHOSPITAL,UNIVERSITYHOSPITALSOFMORECAMBEBAYNHSFOUNDATIONTRUST
ROYALLANCASTERINFIRMARY,UNIVERSITYHOSPITALSOFMORECAMBEBAYNHSFOUNDATIONTRUST
ROYALSTOKEUNIVERSITYHOSPITAL,UNIVERSITYHOSPITALSOFNORTHMIDLANDSNHSTRUST
PRINCESSANNEHOSPITAL,UNIVERSITYHOSPITALSOUTHAMPTONNHSFOUNDATIONTRUST
DERRIFORDHOSPITAL,UNIVERSITYHOSPITALSPLYMOUTHNHSTRUST
PRINCESSROYALHOSPITAL,UNIVERSITYHOSPITALSSUSSEXNHSFOUNDATIONTRUST
PRINCESSROYALHOSPITALHAYWARDSHEATH,UNIVERSITYHOSPITALSSUSSEXNHSFOUNDATIONTRUST
ROYALSUSSEXCOUNTYHOSPITAL,UNIVERSITYHOSPITALSSUSSEXNHSFOUNDATIONTRUST
STRICHARDSHOSPITAL,UNIVERSITYHOSPITALSSUSSEXNHSFOUNDATIONTRUST
WORTHINGHOSPITAL,UNIVERSITYHOSPITALSSUSSEXNHSFOUNDATIONTRUST
MANORHOSPITAL,WALSALLHEALTHCARENHSTRUST
RUSSELLSHALLHOSPITAL,WALSALLHEALTHCARENHSTRUST
WARRINGTONHOSPITAL,WARRINGTONANDHALTONTEACHINGHOSPITALSNHSFOUNDATIONTRUST
NO_NNAP_HOSPITAL,WESTERNHEALTHANDSOCIALCARETRUST
WATFORDGENERALHOSPITAL,WESTHERTFORDSHIRETEACHINGHOSPITALSNHSTRUST
WESTSUFFOLKHOSPITAL,WESTSUFFOLKNHSFOUNDATIONTRUST
WHIPPSCROSSUNIVERSITYHOSPITAL,WHITTINGTONHEALTH
WHITTINGTONHOSPITAL,WHITTINGTONHEALTH
ARROWEPARKHOSPITAL,WIRRALUNIVERSITYTEACHINGHOSPITALNHSFOUNDATIONTRUST
WHISTONHOSPITAL,WIRRALUNIVERSITYTEACHINGHOSPITALNHSFOUNDATIONTRUST
WORCESTERSHIREROYALHOSPITAL,WORCESTERSHIREACUTEHOSPITALSNHSTRUST
ROYALALBERTEDWARDINFIRMARY,WRIGHTINGTONWIGANANDLEIGHNHSFOUNDATIONTRUST
HEREFORDCOUNTYHOSPITAL,WYEVALLEYNHSTRUST
YEOVILDISTRICTHOSPITAL,SOMERSETNHSFOUNDATIONTRUST
SCARBOROUGHGENERALHOSPITAL,YORKANDSCARBOROUGHTEACHINGHOSPITALSNHSFOUNDATIONTRUST
YORKDISTRICTHOSPITAL,YORKANDSCARBOROUGHTEACHINGHOSPITALSNHSFOUNDATIONTRUST
CRAIGAVONAREAHOSPITAL,SOUTHERNHEALTHANDSOCIALCARETRUST
