Trust,Abbreviation
NORTHCUMBRIAINTEGRATEDCARENHSFOUNDATIONTRUST,NCIC
TORBAYANDSOUTHDEVONNHSFOUNDATIONTRUST,TSD
FRIMLEYHEALTHNHSFOUNDATIONTRUST,FRIM
CAMBRIDGEUNIVERSITYHOSPITALSNHSFOUNDATIONTRUST,CUH
UNIVERSITYHOSPITALSBRISTOLANDWESTONNHSFOUNDATIONTRUST,UHBW
WARRINGTONANDHALTONTEACHINGHOSPITALSNHSFOUNDATIONTRUST,WHH
BOLTONNHSFOUNDATIONTRUST,BOLT
WIRRALUNIVERSITYTEACHINGHOSPITALNHSFOUNDATIONTRUST,WUTH
ASHFORDANDSTPETERSHOSPITALNHSFOUNDATIONTRUST,ASPH
LIVERPOOLWOMENSNHSFOUNDATIONTRUST,LWH
ROYALBERKSHIRENHSFOUNDATIONTRUST,RBFT
SOMERSETNHSFOUNDATIONTRUST,SOM
PORTSMOUTHHOSPITALSUNIVERSITYNHSTRUST,PHU
KINGSCOLLEGEHOSPITALNHSFOUNDATIONTRUST,KCH
HOMERTONHEALTHCARENHSFOUNDATIONTRUST,HOMR
STGEORGESUNIVERSITYHOSPITALSNHSFOUNDATIONTRUST,STG
NORTHBRISTOLNHSTRUST,NBT
BRADFORDTEACHINGHOSPITALSNHSFOUNDATIONTRUST,BTH
UNIVERSITYHOSPITALSOUTHAMPTONNHSFOUNDATIONTRUST,UHS
UNIVERSITYHOSPITALSPLYMOUTHNHSTRUST,UHP
NOTTINGHAMUNIVERSITYHOSPITALSNHSTRUST,NUH
ANEURINBEVANUNIVERSITYHEALTHBOARD,ABUHB
UNIVERSITYHOSPITALSSUSSEXNHSFOUNDATIONTRUST,UHSX
AIREDALENHSFOUNDATIONTRUST,AIRD
MIDCHESHIREHOSPITALSNHSFOUNDATIONTRUST,MCH
NORTHWESTANGLIANHSFOUNDATIONTRUST,NWA
BARTSHEALTHNHSTRUST,BARTS
LANCASHIRETEACHINGHOSPITALSNHSFOUNDATIONTRUST,LTH
TAMESIDEANDGLOSSOPINTEGRATEDCARENHSFOUNDATIONTRUST,TGIC
IMPERIALCOLLEGEHEALTHCARENHSTRUST,ICH
THEHILLINGDONHOSPITALSNHSFOUNDATIONTRUST,THH
DERBYTEACHINGHOSPITALSNHSFOUNDATIONTRUST,DTH
MAIDSTONEANDTUNBRIDGEWELLSNHSTRUST,MTW
UNIVERSITYHOSPITALSOFLEICESTERNHSTRUST,UHL
GLOUCESTERSHIREHOSPITALSNHSFOUNDATIONTRUST,GHT
NORTHTEESANDHARTLEPOOLNHSFOUNDATIONTRUST,NTH
THEROTHERHAMNHSFOUNDATIONTRUST,ROTH
UNIVERSITYHOSPITALSOFMORECAMBEBAYNHSFOUNDATIONTRUST,UHMB
SHEFFIELDTEACHINGHOSPITALSNHSFOUNDATIONTRUST,STH
GREATWESTERNHOSPITALSNHSFOUNDATIONTRUST,GWH
ROYALUNITEDHOSPITALSBATHNHSFOUNDATIONTRUST,RUH
UNIVERSITYHOSPITALSDORSETNHSFOUNDATIONTRUST,UHD
GUYSANDSTTHOMASNHSFOUNDATIONTRUST,GSTT
WORCESTERSHIREACUTEHOSPITALSNHSTRUST,WAHT
BUCKINGHAMSHIREHEALTHCARENHSTRUST,BHC
EASTKENTHOSPITALSUNIVERSITYNHSFOUNDATIONTRUST,EKHU
NHSAYRSHIREANDARRAN,NHSAA
NORTHMIDDLESEXUNIVERSITYHOSPITALNHSTRUST,NMUH
SOUTHTEESHOSPITALSNHSFOUNDATIONTRUST,STEE
STOCKPORTNHSFOUNDATIONTRUST,STOCK
THELEEDSTEACHINGHOSPITALSNHSTRUST,LTHT
UNIVERSITYCOLLEGELONDONHOSPITALSNHSFOUNDATIONTRUST,UCLH
EASTANDNORTHHERTFORDSHIRENHSTRUST,ENH
NHSFIFE,FIFE
UNIVERSITYHOSPITALSCOVENTRYANDWARWICKSHIRENHSTRUST,UHCW
BLACKPOOLTEACHINGHOSPITALSNHSFOUNDATIONTRUST,BTHC
CARDIFFANDVALEUNIVERSITYHEALTHBOARD,CVUHB
THEROYALWOLVERHAMPTONNHSTRUST,RWT
NHSGRAMPIAN,GRAMP
DONCASTERANDBASSETLAWHOSPITALSNHSFOUNDATIONTRUST,DBH
NHSFORTHVALLEY,NFV
NORTHAMPTONGENERALHOSPITALNHSTRUST,NGH
LEWISHAMANDGREENWICHNHSFOUNDATIONTRUST,LG
MIDANDSOUTHESSEXNHSFOUNDATIONTRUST,MSE
CHESTERFIELDROYALHOSPITALNHSFOUNDATIONTRUST,CRH
HAMPSHIREHOSPITALSNHSFOUNDATIONTRUST,HHFT
JAMESPAGETUNIVERSITYHOSPITALSNHSFOUNDATIONTRUST,JPUH
KINGSTONANDRICHMONDNHSFOUNDATIONTRUST,KHFT
SWANSEABAYUNIVERSITYHEALTHBOARD,SBUHB
THENEWCASTLEUPONTYNEHOSPITALSNHSFOUNDATIONTRUST,NUTH
EASTLANCASHIREHOSPITALSNHSTRUST,ELHT
MILTONKEYNESUNIVERSITYHOSPITALNHSFOUNDATIONTRUST,MKUH
WRIGHTINGTONWIGANANDLEIGHTEACHINGHOSPITALSNHSFOUNDATIONTRUST,WWL
CROYDONHEALTHSERVICESNHSTRUST,CHS
BIRMINGHAMWOMENSANDCHILDRENSNHSFOUNDATIONTRUST,BWC
WESTHERTFORDSHIRETEACHINGHOSPITALSNHSTRUST,WHTH
NORFOLKANDNORWICHUNIVERSITYHOSPITALSNHSFOUNDATIONTRUST,NNUH
EASTSUFFOLKANDNORTHESSEXNHSFOUNDATIONTRUST,ESNE
BARNSLEYHOSPITALNHSFOUNDATIONTRUST,BHFT
DORSETCOUNTYHOSPITALNHSFOUNDATIONTRUST,DCH
EASTCHESHIRENHSTRUST,ECH
MERSEYANDWESTLANCASHIRETEACHINGHOSPITALSNHSTRUST,MWL
ROYALCORNWALLHOSPITALSNHSTRUST,RCHT
SALISBURYNHSFOUNDATIONTRUST,SFT
THEQUEENELIZABETHHOSPITALKINGSLYNNNHSFOUNDATIONTRUST,QEHKL
YORKANDSCARBOROUGHTEACHINGHOSPITALSNHSFOUNDATIONTRUST,YST
MEDWAYNHSFOUNDATIONTRUST,MED
CHELSEAANDWESTMINSTERHOSPITALNHSFOUNDATIONTRUST,CWFT
CALDERDALEANDHUDDERSFIELDNHSFOUNDATIONTRUST,CHFT
THEPRINCESSALEXANDRAHOSPITALNHSTRUST,PAH
WHITTINGTONHEALTHNHSTRUST,WHIT
ROYALFREELONDONNHSFOUNDATIONTRUST,RFL
UNIVERSITYHOSPITALSOFNORTHMIDLANDSNHSTRUST,UHNM
WALSALLHEALTHCARENHSTRUST,WHT
BEDFORDSHIREHOSPITALSNHSFOUNDATIONTRUST,BEDS
GEORGEELIOTHOSPITALNHSTRUST,GEH
SHERWOODFORESTHOSPITALSNHSFOUNDATIONTRUST,SFH
UNITEDLINCOLNSHIRETEACHINGHOSPITALSNHSTRUST,ULHT
COUNTESSOFCHESTERHOSPITALNHSFOUNDATIONTRUST,COCH
EPSOMANDSTHELIERUNIVERSITYHOSPITALSNHSTRUST,ESTH
SANDWELLANDWESTBIRMINGHAMHOSPITALSNHSTRUST,SWBH
HULLUNIVERSITYTEACHINGHOSPITALSNHSTRUST,HUTH
ISLEOFWIGHTNHSTRUST,IOW
WYEVALLEYNHSTRUST,WYE
NORTHERNLINCOLNSHIREANDGOOLEHOSPITALSNHSFOUNDATIONTRUST,NLAG
DARTFORDANDGRAVESHAMNHSTRUST,DGT
SURREYANDSUSSEXHEALTHCARENHSTRUST,SASH
COUNTYDURHAMANDDARLINGTONNHSFOUNDATIONTRUST,CDDFT
WESTSUFFOLKNHSFOUNDATIONTRUST,WSFT
KETTERINGGENERALHOSPITALNHSFOUNDATIONTRUST,KGH
CWMTAFMORGANNWGUNIVERSITYHEALTHBOARD,CTM
BARKINGHAVERINGANDREDBRIDGEUNIVERSITYHOSPITALSNHSTRUST,BHR
BETSICADWALADRUNIVERSITYHEALTHBOARD,BCUHB
EASTSUSSEXHEALTHCARENHSTRUST,ESHT
GATESHEADHEALTHNHSFOUNDATIONTRUST,GATE
HARROGATEANDDISTRICTNHSFOUNDATIONTRUST,HDFT
HYWELDDAUNIVERSITYHEALTHBOARD,HDUHB
LONDONNORTHWESTUNIVERSITYHEALTHCARENHSTRUST,LNWH
MANCHESTERUNIVERSITYNHSFOUNDATIONTRUST,MFT
MANXCARE,MANX
MIDYORKSHIRETEACHINGNHSTRUST,MYT
NHSBORDERS,BORD
NHSDUMFRIESANDGALLOWAY,DG
NHSGREATERGLASGOWANDCLYDE,GGC
NHSHIGHLAND,HIGH
NHSLANARKSHIRE,LANA
NHSTAYSIDE,TAY
NORTHBRITSOLNHSTRUST,NBT2
NORTHERNCAREALLIANCENHSFOUNDATIONTRUST,NCA
NORTHUMBRIAHEALTHCARENHSFOUNDATIONTRUST,NHCT
OXFORDUNIVERSITYHOSPITALSNHSTRUST,OUH
POWYSTEACHINGHEALTHBOARD,PTHB
ROYALDEVONUNIVERSITYHEALTHCARENHSFOUNDATIONTRUST,RDE
ROYALSURREYCOUNTYHOSPITALNHSFOUNDATIONTRUST,RSCH
SOUTHTYNESIDEANDSUNDERLANDNHSFOUNDATIONTRUST,STS
SOUTHWARWICKSHIREUNIVERSITYNHSFOUNDATIONTRUST,SWFT
THESHREWSBURYANDTELFORDHOSPITALNHSTRUST,SATH
UNIVERSITYHOSPITALSBIRMINGHAMNHSFOUNDATIONTRUST,UHB
UNIVERSITYHOSPITALSOFDERBYANDBURTONNHSFOUNDATIONTRUST,UHDB
NHSLOTHIAN,LOTH
NHSORKNEY,ORK
NORTHERNHEALTHANDSOCIALCARETRUST,NHSCT
BASILDONANDTHURROCKUNIVERSITYHOSPITALSNHSFOUNDATIONTRUST,BTUH
ALDERHEYCHILDRENSNHSFOUNDATIONTRUST,ALDER
