ReportYear,OrganisationCode,OrganisationName,CountryName,RegionName,SustainabilityAndTransformationPartnershipName,IntegratedCareBoardName,NeonatalNetworkName,Longitude,Latitude,TotalBirths,TotalStillbirths,CrudeStillbirthRate,CrudeStillbirthCategoryID,CrudeStillbirthCategoryName,StabilisedStillbirthRate,StabilisedStillbirthCategoryID,StabilisedStillbirthCategoryName,StabilisedStillbirthCI,TotalLiveBirths,TotalNeonatalDeaths,CrudeNeonatalDeathRate,CrudeNeonatalDeathCategoryID,CrudeNeonatalDeathCategoryName,StabilisedNeonatalDeathRate,StabilisedNeonatalDeathCategoryID,StabilisedNeonatalDeathCategoryName,StabilisedNeonatalDeathCI,TotalPerinatalDeaths,CrudePerinatalDeathRate,CrudePerinatalDeathCategoryID,CrudePerinatalDeathCategoryName,StabilisedPerinatalDeathRate,StabilisedPerinatalDeathCategoryID,StabilisedPerinatalDeathCategoryName,StabilisedPerinatalDeathCI,ComparatorGroupID,ComparatorGroupName,GroupAverageStillbirthRate,GroupAverageNeonatalDeathRate,GroupAveragePerinatalDeathRate
2018,5,Airedale NHS Foundation Trust,England,,,,Yorkshire & Humber,-1.961204581,53.89781192,2046,-1,-1,0,Suppressed due to small numbers,2.96,4,Within 5%,2.38 to 3.64,2041,-1,-1,0,Suppressed due to small numbers,1.07,4,Within 5%,0.63 to 1.81,7,3.42,2,Over 15% lower,4.02,4,Within 5%,3.36 to 5.17,4,"2,000-3,999 births",2.99,1.1,4.09
2018,7,Aneurin Bevan University Health Board,Wales,,,,Wales,-2.996872205,51.57933784,5778,29,5.02,5,Over 5% higher,4.22,5,Over 5% higher,3.39 to 5.32,5749,13,2.26,5,Over 5% higher,2.26,5,Over 5% higher,1.47 to 3.51,42,7.27,5,Over 5% higher,6.47,5,Over 5% higher,5.40 to 8.38,2,Level 3 NICU,3.95,1.92,5.86
2018,8,Ashford and St Peter's Hospital NHS Foundation Trust,England,,,,South East Coast,-0.471144646,51.44358925,3892,20,5.14,5,Over 5% higher,4.19,5,Over 5% higher,3.40 to 5.24,3872,11,2.84,5,Over 5% higher,1.94,4,Within 5%,1.29 to 3.06,31,7.97,5,Over 5% higher,6.08,4,Within 5%,5.11 to 8.00,2,Level 3 NICU,3.95,1.92,5.86
2018,10,"Barking, Havering and Redbridge University Hospitals NHS Trust",England,,,,North Central & East London,0.113743699,51.58003897,7913,30,3.79,5,Over 5% higher,3.31,4,Within 5%,2.73 to 3.92,7883,12,1.52,5,Over 5% higher,1.29,5,Over 5% higher,0.83 to 1.96,42,5.31,5,Over 5% higher,4.59,4,Within 5%,3.96 to 5.66,3,"4,000 or more births",3.38,1.21,4.58
2018,13,Barnsley Hospital NHS Foundation Trust,England,,,,Yorkshire & Humber,-1.498046445,53.55806404,2878,10,3.47,5,Over 5% higher,3.03,4,Within 5%,2.39 to 3.85,2868,6,2.09,5,Over 5% higher,1.32,5,Over 5% higher,0.79 to 2.32,16,5.56,5,Over 5% higher,4.36,5,Over 5% higher,3.57 to 5.81,4,"2,000-3,999 births",2.99,1.1,4.09
2018,14,Barts Health NHS Trust,England,,,,North Central & East London,0.004262662,51.57832684,15303,61,3.99,5,Over 5% higher,3.5,3,5 to 15% lower,2.87 to 4.40,15242,27,1.77,2,Over 15% lower,1.86,2,Over 15% lower,1.27 to 2.60,88,5.75,3,5 to 15% lower,5.37,3,5 to 15% lower,4.70 to 6.83,1,Level 3 NICU & neonatal surgery,3.76,2.36,6.12
2018,15,Basildon and Thurrock University Hospitals NHS Foundation Trust,England,,,,East of England,0.452231623,51.55717208,4603,12,2.61,2,Over 15% lower,3.27,4,Within 5%,2.60 to 4.00,4591,5,1.09,3,5 to 15% lower,1.15,4,Within 5%,0.73 to 1.83,17,3.69,2,Over 15% lower,4.42,4,Within 5%,3.69 to 5.55,3,"4,000 or more births",3.38,1.21,4.58
2018,16,Bedford Hospital NHS Trust,England,,,,East of England,-0.459595717,52.14090316,2848,-1,-1,0,Suppressed due to small numbers,2.95,4,Within 5%,2.38 to 3.67,2841,-1,-1,0,Suppressed due to small numbers,0.99,3,5 to 15% lower,0.56 to 1.69,8,2.81,2,Over 15% lower,3.95,4,Within 5%,3.30 to 5.01,4,"2,000-3,999 births",2.99,1.1,4.09
2018,17,Belfast Health and Social Care Trust,Northern Ireland,,,,Northern Ireland,-5.951850109,54.59432056,5455,18,3.3,3,5 to 15% lower,3.7,4,Within 5%,3.00 to 4.44,5437,26,4.78,5,Over 5% higher,3.57,5,Over 5% higher,2.39 to 5.37,44,8.07,5,Over 5% higher,7.37,5,Over 5% higher,6.08 to 9.60,1,Level 3 NICU & neonatal surgery,3.76,2.36,6.12
2018,20,Betsi Cadwaladr University Health Board,Wales,,,,Wales,-4.158626642,53.20876481,6590,22,3.34,4,Within 5%,3.41,4,Within 5%,2.79 to 4.19,6568,13,1.98,5,Over 5% higher,1.46,5,Over 5% higher,0.94 to 2.26,35,5.31,5,Over 5% higher,4.91,5,Over 5% higher,4.20 to 6.19,3,"4,000 or more births",3.38,1.21,4.58
2018,22,Birmingham Women's and Children's NHS Foundation Trust,England,,,,Southern West Midlands,-1.940808709,52.45281222,8160,44,5.39,5,Over 5% higher,3.97,5,Over 5% higher,3.27 to 4.99,8116,42,5.17,5,Over 5% higher,3.97,5,Over 5% higher,2.94 to 5.56,86,10.54,5,Over 5% higher,7.96,5,Over 5% higher,6.97 to 9.99,1,Level 3 NICU & neonatal surgery,3.76,2.36,6.12
2018,26,Blackpool Teaching Hospitals NHS Foundation Trust,England,,,,North West (Lancashire and South Cumbria),-3.014905456,53.82047209,2812,10,3.56,5,Over 5% higher,3.03,4,Within 5%,2.43 to 3.73,2802,3,1.07,4,Within 5%,1.06,4,Within 5%,0.63 to 1.81,13,4.62,5,Over 5% higher,4.07,4,Within 5%,3.41 to 5.31,4,"2,000-3,999 births",2.99,1.1,4.09
2018,27,Bolton NHS Foundation Trust,England,,,,North West (Greater Manchester),-2.428765423,53.55417767,5764,16,2.78,2,Over 15% lower,3.74,3,5 to 15% lower,3.00 to 4.62,5748,13,2.26,5,Over 5% higher,2.19,5,Over 5% higher,1.42 to 3.42,29,5.03,3,5 to 15% lower,5.9,4,Within 5%,5.01 to 7.48,2,Level 3 NICU,3.95,1.92,5.86
2018,29,Bradford Teaching Hospitals NHS Foundation Trust,England,,,,Yorkshire & Humber,-1.793372823,53.80566545,5428,26,4.79,5,Over 5% higher,3.93,4,Within 5%,3.21 to 4.83,5402,18,3.33,5,Over 5% higher,2.45,5,Over 5% higher,1.61 to 3.85,44,8.11,5,Over 5% higher,6.36,5,Over 5% higher,5.45 to 8.06,2,Level 3 NICU,3.95,1.92,5.86
2018,31,Brighton and Sussex University Hospitals NHS Trust,England,,,,South East Coast,-0.089486225,50.99062704,5244,18,3.43,3,5 to 15% lower,3.82,4,Within 5%,3.13 to 4.74,5226,5,0.96,2,Over 15% lower,1.71,2,Over 15% lower,1.09 to 2.67,23,4.39,2,Over 15% lower,5.42,3,5 to 15% lower,4.68 to 6.98,1,Level 3 NICU & neonatal surgery,3.76,2.36,6.12
2018,32,Buckinghamshire Healthcare NHS Trust,England,,,,Thames Valley and Wessex,-0.801216231,51.79784154,5025,-1,-1,0,Suppressed due to small numbers,3.32,4,Within 5%,2.72 to 4.04,5011,-1,-1,0,Suppressed due to small numbers,1,2,Over 15% lower,0.57 to 1.69,16,3.18,2,Over 15% lower,4.32,3,5 to 15% lower,3.66 to 5.39,3,"4,000 or more births",3.38,1.21,4.58
2018,34,Calderdale and Huddersfield NHS Foundation Trust,England,,,,Yorkshire & Humber,-1.855784958,53.70507897,5082,23,4.53,5,Over 5% higher,3.51,4,Within 5%,2.86 to 4.30,5059,12,2.37,5,Over 5% higher,1.72,5,Over 5% higher,1.05 to 2.85,35,6.89,5,Over 5% higher,5.22,5,Over 5% higher,4.40 to 6.63,3,"4,000 or more births",3.38,1.21,4.58
2018,36,Cambridge University Hospitals NHS Foundation Trust,England,,,,East of England,0.140779614,52.17330324,5456,13,2.38,2,Over 15% lower,3.66,4,Within 5%,2.95 to 4.45,5443,9,1.65,2,Over 15% lower,2.03,3,5 to 15% lower,1.33 to 3.11,22,4.03,2,Over 15% lower,5.64,3,5 to 15% lower,4.78 to 7.32,1,Level 3 NICU & neonatal surgery,3.76,2.36,6.12
2018,40,Cardiff and Vale University Health Board,Wales,,,,Wales,-3.188104766,51.50629814,5584,11,1.97,2,Over 15% lower,3.47,3,5 to 15% lower,2.61 to 4.38,5573,13,2.33,4,Within 5%,2.64,5,Over 5% higher,1.72 to 3.99,24,4.3,2,Over 15% lower,6.06,4,Within 5%,4.99 to 7.85,1,Level 3 NICU & neonatal surgery,3.76,2.36,6.12
2018,44,Chelsea and Westminster Hospital NHS Foundation Trust,England,,,,North West London,-0.179859309,51.48374824,11213,32,2.85,2,Over 15% lower,3.5,3,5 to 15% lower,2.82 to 4.27,11181,13,1.16,2,Over 15% lower,1.86,2,Over 15% lower,1.21 to 2.78,45,4.01,2,Over 15% lower,5.39,3,5 to 15% lower,4.60 to 6.83,1,Level 3 NICU & neonatal surgery,3.76,2.36,6.12
2018,46,Chesterfield Royal Hospital NHS Foundation Trust,England,,,,Yorkshire & Humber,-1.39855122,53.23593354,2710,-1,-1,0,Suppressed due to small numbers,2.84,3,5 to 15% lower,2.14 to 3.46,2708,-1,-1,0,Suppressed due to small numbers,0.96,3,5 to 15% lower,0.53 to 1.67,3,1.11,2,Over 15% lower,3.8,3,5 to 15% lower,3.04 to 4.82,4,"2,000-3,999 births",2.99,1.1,4.09
2018,50,Countess of Chester Hospital NHS Foundation Trust,England,,,,North West (Cheshire and Merseyside),-2.897674446,53.21149643,2482,-1,-1,0,Suppressed due to small numbers,2.97,4,Within 5%,2.37 to 3.71,2476,-1,-1,0,Suppressed due to small numbers,0.93,2,Over 15% lower,0.54 to 1.63,6,2.42,2,Over 15% lower,3.91,4,Within 5%,3.27 to 5.03,4,"2,000-3,999 births",2.99,1.1,4.09
2018,51,County Durham and Darlington NHS Foundation Trust,England,,,,Northern,-1.591354026,54.78879514,4667,20,4.29,5,Over 5% higher,3.51,4,Within 5%,2.86 to 4.31,4647,5,1.08,3,5 to 15% lower,1.23,4,Within 5%,0.75 to 2.05,25,5.36,5,Over 5% higher,4.74,4,Within 5%,4.05 to 6.06,3,"4,000 or more births",3.38,1.21,4.58
2018,53,Croydon Health Services NHS Trust,England,,,,South London,-0.107179352,51.38860428,3464,8,2.31,2,Over 15% lower,2.84,4,Within 5%,2.20 to 3.59,3456,4,1.16,4,Within 5%,1.06,4,Within 5%,0.62 to 1.73,12,3.46,2,Over 15% lower,3.9,4,Within 5%,3.22 to 4.99,4,"2,000-3,999 births",2.99,1.1,4.09
2018,55,Cwm Taf Morgannwg University Health Board,Wales,,,,Wales,-3.384263085,51.76352029,5767,22,3.81,5,Over 5% higher,3.45,4,Within 5%,2.85 to 4.16,5745,8,1.39,5,Over 5% higher,1.29,5,Over 5% higher,0.79 to 2.03,30,5.2,5,Over 5% higher,4.74,4,Within 5%,4.10 to 5.94,3,"4,000 or more births",3.38,1.21,4.58
2018,56,Dartford and Gravesham NHS Trust,England,,,,South East Coast,0.168282067,51.47659402,4917,14,2.85,2,Over 15% lower,3.29,4,Within 5%,2.67 to 3.93,4903,4,0.82,2,Over 15% lower,1.13,3,5 to 15% lower,0.69 to 1.91,18,3.66,2,Over 15% lower,4.42,4,Within 5%,3.79 to 5.54,3,"4,000 or more births",3.38,1.21,4.58
2018,61,Doncaster and Bassetlaw Hospitals NHS Foundation Trust,England,,,,Yorkshire & Humber,-1.107679394,53.53048278,4775,14,2.93,3,5 to 15% lower,3.32,4,Within 5%,2.67 to 4.06,4761,10,2.1,5,Over 5% higher,1.56,5,Over 5% higher,0.97 to 2.58,24,5.03,5,Over 5% higher,4.9,5,Over 5% higher,4.03 to 6.27,3,"4,000 or more births",3.38,1.21,4.58
2018,62,Dorset County Hospital NHS Foundation Trust,England,,,,Thames Valley and Wessex,-2.445811518,50.71289326,1699,-1,-1,0,Suppressed due to small numbers,2.32,4,Within 5%,1.50 to 3.22,1696,-1,-1,0,Suppressed due to small numbers,0.52,4,Within 5%,0.18 to 1.10,4,2.35,2,Over 15% lower,2.84,4,Within 5%,1.97 to 3.90,5,"Under 2,000 births",2.33,0.52,2.85
2018,67,East Cheshire NHS Trust,England,,,,North West (Cheshire and Merseyside),-2.140141249,53.26198264,1511,-1,-1,0,Suppressed due to small numbers,2.33,4,Within 5%,1.56 to 3.22,1508,-1,-1,0,Suppressed due to small numbers,0.49,3,5 to 15% lower,0.15 to 0.97,3,1.99,2,Over 15% lower,2.82,4,Within 5%,1.96 to 3.79,5,"Under 2,000 births",2.33,0.52,2.85
2018,68,East Kent Hospitals University NHS Foundation Trust,England,,,,South East Coast,1.391157188,51.37750223,6578,25,3.8,4,Within 5%,4,4,Within 5%,3.34 to 4.90,6553,11,1.68,3,5 to 15% lower,2.08,5,Over 5% higher,1.37 to 3.16,36,5.47,3,5 to 15% lower,6.06,4,Within 5%,5.16 to 7.54,2,Level 3 NICU,3.95,1.92,5.86
2018,69,East Lancashire Hospitals NHS Trust,England,,,,North West (Lancashire and South Cumbria),-2.226709877,53.8096203,6147,32,5.21,5,Over 5% higher,4.17,5,Over 5% higher,3.42 to 5.08,6115,17,2.78,5,Over 5% higher,2.43,5,Over 5% higher,1.62 to 3.76,49,7.97,5,Over 5% higher,6.59,5,Over 5% higher,5.57 to 8.43,2,Level 3 NICU,3.95,1.92,5.86
2018,97,East Suffolk and North Essex NHS Foundation Trust,England,,,,East of England,1.19812767,52.05954388,7105,29,4.08,5,Over 5% higher,3.55,5,Over 5% higher,2.92 to 4.37,7076,9,1.27,5,Over 5% higher,1.27,5,Over 5% higher,0.82 to 2.03,38,5.35,5,Over 5% higher,4.81,5,Over 5% higher,4.08 to 6.05,3,"4,000 or more births",3.38,1.21,4.58
2018,73,East Sussex Healthcare NHS Trust,England,,,,South East Coast,0.569367265,50.8847795,3130,8,2.56,3,5 to 15% lower,2.94,4,Within 5%,2.35 to 3.62,3122,3,0.96,3,5 to 15% lower,1.07,4,Within 5%,0.63 to 1.84,11,3.51,3,5 to 15% lower,4.01,4,Within 5%,3.33 to 5.12,4,"2,000-3,999 births",2.99,1.1,4.09
2018,66,East and North Hertfordshire NHS Trust,England,,,,East of England,-0.21111201,51.92414995,5572,16,2.87,2,Over 15% lower,3.35,4,Within 5%,2.77 to 4.04,5556,6,1.08,3,5 to 15% lower,1.21,4,Within 5%,0.74 to 1.94,22,3.95,3,5 to 15% lower,4.56,4,Within 5%,3.89 to 5.69,3,"4,000 or more births",3.38,1.21,4.58
2018,74,Epsom and St Helier University Hospitals NHS Trust,England,,,,South London,-0.271824887,51.32449692,4421,16,3.62,5,Over 5% higher,3.44,4,Within 5%,2.86 to 4.13,4405,9,2.04,5,Over 5% higher,1.55,5,Over 5% higher,0.91 to 2.51,25,5.65,5,Over 5% higher,5,5,Over 5% higher,4.18 to 6.30,3,"4,000 or more births",3.38,1.21,4.58
2018,75,Frimley Health NHS Foundation Trust,England,,,,Thames Valley and Wessex,-0.740025872,51.31914765,9721,31,3.19,3,5 to 15% lower,3.35,4,Within 5%,2.77 to 3.97,9690,10,1.03,3,5 to 15% lower,1.2,4,Within 5%,0.80 to 1.89,41,4.22,3,5 to 15% lower,4.55,4,Within 5%,3.95 to 5.65,3,"4,000 or more births",3.38,1.21,4.58
2018,76,Gateshead Health NHS Foundation Trust,England,,,,Northern,-1.579468796,54.93880988,1776,-1,-1,0,Suppressed due to small numbers,2.41,4,Within 5%,1.79 to 3.46,1768,-1,-1,0,Suppressed due to small numbers,0.48,3,5 to 15% lower,0.15 to 0.99,8,4.5,5,Over 5% higher,2.88,4,Within 5%,2.19 to 4.06,5,"Under 2,000 births",2.33,0.52,2.85
2018,77,George Eliot Hospital NHS Trust,England,,,,Central,-1.473639116,52.51162654,2264,7,3.09,4,Within 5%,3,4,Within 5%,2.45 to 3.75,2257,6,2.66,5,Over 5% higher,1.47,5,Over 5% higher,0.85 to 2.55,13,5.74,5,Over 5% higher,4.44,5,Over 5% higher,3.70 to 5.76,4,"2,000-3,999 births",2.99,1.1,4.09
2018,78,Gloucestershire Hospitals NHS Foundation Trust,England,,,,South West,-2.232508121,51.86565036,6217,22,3.54,4,Within 5%,3.48,4,Within 5%,2.85 to 4.32,6195,11,1.78,5,Over 5% higher,1.41,5,Over 5% higher,0.88 to 2.17,33,5.31,5,Over 5% higher,4.91,5,Over 5% higher,4.17 to 6.16,3,"4,000 or more births",3.38,1.21,4.58
2018,81,Great Western Hospitals NHS Foundation Trust,England,,,,South West,-1.726267683,51.53767831,4167,10,2.4,2,Over 15% lower,3.3,4,Within 5%,2.61 to 4.01,4157,6,1.44,5,Over 5% higher,1.34,5,Over 5% higher,0.80 to 2.14,16,3.84,2,Over 15% lower,4.63,4,Within 5%,3.87 to 5.91,3,"4,000 or more births",3.38,1.21,4.58
2018,83,Guy's and St Thomas' NHS Foundation Trust,England,,,,South London,-0.118063666,51.49739622,6728,32,4.76,5,Over 5% higher,3.76,4,Within 5%,3.05 to 4.60,6696,18,2.69,5,Over 5% higher,2.54,5,Over 5% higher,1.75 to 3.82,50,7.43,5,Over 5% higher,6.28,4,Within 5%,5.48 to 8.06,1,Level 3 NICU & neonatal surgery,3.76,2.36,6.12
2018,84,Hampshire Hospitals NHS Foundation Trust,England,,,,Thames Valley and Wessex,-1.329506244,51.06083139,5032,15,2.98,3,5 to 15% lower,3.4,4,Within 5%,2.76 to 4.20,5017,3,0.6,2,Over 15% lower,1.03,3,5 to 15% lower,0.62 to 1.70,18,3.58,2,Over 15% lower,4.4,4,Within 5%,3.75 to 5.63,3,"4,000 or more births",3.38,1.21,4.58
2018,85,Harrogate and District NHS Foundation Trust,England,,,,Yorkshire & Humber,-1.516284762,53.99360023,1814,-1,-1,0,Suppressed due to small numbers,2.32,4,Within 5%,1.53 to 3.21,1811,-1,-1,0,Suppressed due to small numbers,0.57,5,Over 5% higher,0.24 to 1.28,5,2.76,4,Within 5%,2.9,4,Within 5%,2.07 to 4.02,5,"Under 2,000 births",2.33,0.52,2.85
2018,91,Homerton University Hospital NHS Foundation Trust,England,,,,North Central & East London,-0.044481189,51.55012704,5812,28,4.82,5,Over 5% higher,3.96,4,Within 5%,3.26 to 4.78,5784,5,0.86,2,Over 15% lower,1.45,2,Over 15% lower,0.88 to 2.39,33,5.68,4,Within 5%,5.43,3,5 to 15% lower,4.63 to 6.84,2,Level 3 NICU,3.95,1.92,5.86
2018,93,Hull University Teaching Hospitals NHS Trust,England,,,,Yorkshire & Humber,-0.356594403,53.74416597,5145,19,3.69,4,Within 5%,3.8,4,Within 5%,3.13 to 4.68,5126,8,1.56,2,Over 15% lower,2.04,3,5 to 15% lower,1.33 to 3.08,27,5.25,3,5 to 15% lower,5.83,4,Within 5%,4.92 to 7.37,1,Level 3 NICU & neonatal surgery,3.76,2.36,6.12
2018,95,Hywel Dda University Health Board,Wales,,,,Wales,-4.070114034,52.41568786,3168,-1,-1,0,Suppressed due to small numbers,3.16,5,Over 5% higher,2.58 to 4.21,3153,-1,-1,0,Suppressed due to small numbers,1.01,3,5 to 15% lower,0.59 to 1.72,17,5.37,5,Over 5% higher,4.16,4,Within 5%,3.51 to 5.47,4,"2,000-3,999 births",2.99,1.1,4.09
2018,96,Imperial College Healthcare NHS Trust,England,,,,North West London,-0.235063927,51.5160154,9668,46,4.76,5,Over 5% higher,4.03,4,Within 5%,3.33 to 4.88,9622,18,1.87,4,Within 5%,1.81,3,5 to 15% lower,1.26 to 2.74,64,6.62,5,Over 5% higher,5.83,4,Within 5%,5.09 to 7.20,2,Level 3 NICU,3.95,1.92,5.86
2018,98,Isle of Man Department of Health and Social Care,Crown Dependencies,,,,,-4.502152157,54.16210093,726,-1,-1,0,Suppressed due to small numbers,2.3,4,Within 5%,1.51 to 3.19,726,-1,-1,0,Suppressed due to small numbers,0.5,4,Within 5%,0.14 to 1.03,-1,-1,0,Suppressed due to small numbers,2.79,4,Within 5%,1.96 to 3.81,5,"Under 2,000 births",2.33,0.52,2.85
2018,99,Isle of Wight NHS Trust,England,,,,Thames Valley and Wessex,-1.299444091,50.71051664,1052,-1,-1,0,Suppressed due to small numbers,2.3,4,Within 5%,1.45 to 3.12,1051,-1,-1,0,Suppressed due to small numbers,0.5,4,Within 5%,0.13 to 0.99,-1,-1,0,Suppressed due to small numbers,2.79,4,Within 5%,1.93 to 3.80,5,"Under 2,000 births",2.33,0.52,2.85
2018,100,James Paget University Hospitals NHS Foundation Trust,England,,,,East of England,1.719845103,52.56125247,2026,9,4.44,5,Over 5% higher,3.07,4,Within 5%,2.50 to 3.95,2017,4,1.98,5,Over 5% higher,1.27,5,Over 5% higher,0.74 to 2.34,13,6.42,5,Over 5% higher,4.34,5,Over 5% higher,3.63 to 5.72,4,"2,000-3,999 births",2.99,1.1,4.09
2018,103,Kettering General Hospital NHS Foundation Trust,England,,,,Central,-0.739720267,52.40238609,3262,10,3.07,4,Within 5%,3,4,Within 5%,2.37 to 3.68,3252,4,1.23,5,Over 5% higher,1.1,4,Within 5%,0.66 to 1.78,14,4.29,4,Within 5%,4.09,4,Within 5%,3.39 to 5.19,4,"2,000-3,999 births",2.99,1.1,4.09
2018,104,King's College Hospital NHS Foundation Trust,England,,,,South London,-0.090697015,51.46784135,9398,33,3.51,3,5 to 15% lower,3.61,4,Within 5%,2.93 to 4.31,9365,13,1.39,2,Over 15% lower,2.02,3,5 to 15% lower,1.38 to 2.98,46,4.89,2,Over 15% lower,5.67,3,5 to 15% lower,4.87 to 7.07,1,Level 3 NICU & neonatal surgery,3.76,2.36,6.12
2018,105,Kingston Hospital NHS Foundation Trust,England,,,,South London,-0.281504922,51.41376592,5165,14,2.71,2,Over 15% lower,3.32,4,Within 5%,2.67 to 4.04,5151,7,1.36,5,Over 5% higher,1.33,5,Over 5% higher,0.84 to 2.23,21,4.07,3,5 to 15% lower,4.65,4,Within 5%,3.90 to 5.94,3,"4,000 or more births",3.38,1.21,4.58
2018,107,Lancashire Teaching Hospitals NHS Foundation Trust,England,,,,North West (Lancashire and South Cumbria),-2.706008008,53.79114469,4185,12,2.87,2,Over 15% lower,3.86,4,Within 5%,3.09 to 4.68,4173,8,1.92,4,Within 5%,2.06,5,Over 5% higher,1.29 to 3.23,20,4.78,2,Over 15% lower,5.92,4,Within 5%,4.95 to 7.59,2,Level 3 NICU,3.95,1.92,5.86
2018,111,Lewisham and Greenwich NHS trust,England,,,,South London,-0.01543391,51.45381118,8043,28,3.48,4,Within 5%,3.19,3,5 to 15% lower,2.59 to 3.94,8015,11,1.37,5,Over 5% higher,1.26,4,Within 5%,0.82 to 2.06,39,4.85,5,Over 5% higher,4.44,4,Within 5%,3.80 to 5.61,3,"4,000 or more births",3.38,1.21,4.58
2018,116,Liverpool Women's NHS Foundation Trust,England,,,,North West (Cheshire and Merseyside),-2.958632782,53.39802504,8459,33,3.9,4,Within 5%,3.82,4,Within 5%,3.19 to 4.66,8426,33,3.92,5,Over 5% higher,3.39,5,Over 5% higher,2.34 to 4.88,66,7.8,5,Over 5% higher,7.26,5,Over 5% higher,6.09 to 9.12,1,Level 3 NICU & neonatal surgery,3.76,2.36,6.12
2018,293,London North West University Healthcare NHS Trust,England,,,,North West London,-0.320894364,51.57459899,4652,-1,-1,0,Suppressed due to small numbers,3.32,4,Within 5%,2.72 to 3.99,4635,-1,-1,0,Suppressed due to small numbers,0.87,2,Over 15% lower,0.50 to 1.48,18,3.87,2,Over 15% lower,4.17,3,5 to 15% lower,3.54 to 5.25,3,"4,000 or more births",3.38,1.21,4.58
2018,118,Luton and Dunstable University Hospital NHS Foundation Trust,England,,,,East of England,-0.472686206,51.89371712,5237,27,5.16,5,Over 5% higher,4.1,4,Within 5%,3.38 to 5.04,5210,12,2.3,5,Over 5% higher,1.87,4,Within 5%,1.26 to 2.89,39,7.45,5,Over 5% higher,5.94,4,Within 5%,5.08 to 7.52,2,Level 3 NICU,3.95,1.92,5.86
2018,119,Maidstone and Tunbridge Wells NHS Trust,England,,,,South East Coast,0.308903007,51.1485904,6081,-1,-1,0,Suppressed due to small numbers,3.09,3,5 to 15% lower,2.27 to 3.94,6074,-1,-1,0,Suppressed due to small numbers,0.95,2,Over 15% lower,0.55 to 1.53,9,1.48,2,Over 15% lower,4.04,3,5 to 15% lower,3.28 to 5.20,3,"4,000 or more births",3.38,1.21,4.58
2018,297,Manchester University NHS Foundation Trust,England,,,,North West (Greater Manchester),-2.223267795,53.46117538,13381,54,4.04,5,Over 5% higher,3.77,4,Within 5%,3.17 to 4.52,13327,20,1.5,2,Over 15% lower,1.82,2,Over 15% lower,1.26 to 2.71,74,5.53,3,5 to 15% lower,5.6,3,5 to 15% lower,4.96 to 6.91,1,Level 3 NICU & neonatal surgery,3.76,2.36,6.12
2018,121,Medway NHS Foundation Trust,England,,,,South East Coast,0.543894728,51.37773043,4930,17,3.45,3,5 to 15% lower,3.91,4,Within 5%,3.21 to 4.83,4913,4,0.81,2,Over 15% lower,1.41,2,Over 15% lower,0.91 to 2.50,21,4.26,2,Over 15% lower,5.26,3,5 to 15% lower,4.44 to 6.80,2,Level 3 NICU,3.95,1.92,5.86
2018,123,Mid Cheshire Hospitals NHS Foundation Trust,England,,,,North West (Cheshire and Merseyside),-2.4744661,53.11739761,2891,9,3.11,4,Within 5%,3.02,4,Within 5%,2.45 to 3.75,2882,6,2.08,5,Over 5% higher,1.31,5,Over 5% higher,0.77 to 2.29,15,5.19,5,Over 5% higher,4.37,5,Over 5% higher,3.63 to 5.80,4,"2,000-3,999 births",2.99,1.1,4.09
2018,124,Mid Essex Hospital Services NHS Trust,England,,,,East of England,0.467109689,51.77409628,4454,18,4.04,5,Over 5% higher,3.54,4,Within 5%,2.88 to 4.37,4436,5,1.13,3,5 to 15% lower,1.25,4,Within 5%,0.78 to 1.99,23,5.16,5,Over 5% higher,4.78,4,Within 5%,4.09 to 6.01,3,"4,000 or more births",3.38,1.21,4.58
2018,126,Milton Keynes University Hospital NHS Foundation Trust,England,,,,Thames Valley and Wessex,-0.734237386,52.02594213,3690,-1,-1,0,Suppressed due to small numbers,2.91,4,Within 5%,2.33 to 3.60,3681,-1,-1,0,Suppressed due to small numbers,0.91,2,Over 15% lower,0.56 to 1.63,10,2.71,2,Over 15% lower,3.83,3,5 to 15% lower,3.24 to 4.92,4,"2,000-3,999 births",2.99,1.1,4.09
2018,128,NHS Ayrshire & Arran,Scotland,,,,West of Scotland,-4.53817072,55.61397468,3119,-1,-1,0,Suppressed due to small numbers,3.85,4,Within 5%,3.05 to 4.73,3111,-1,-1,0,Suppressed due to small numbers,1.62,2,Over 15% lower,0.91 to 2.72,10,3.21,2,Over 15% lower,5.48,3,5 to 15% lower,4.49 to 7.01,2,Level 3 NICU,3.95,1.92,5.86
2018,129,NHS Borders,Scotland,,,,South East Scotland & Tayside,-2.740474671,55.59548757,987,-1,-1,0,Suppressed due to small numbers,2.37,4,Within 5%,1.70 to 3.33,983,-1,-1,0,Suppressed due to small numbers,0.55,5,Over 5% higher,0.22 to 1.18,5,5.07,5,Over 5% higher,2.92,4,Within 5%,2.14 to 4.08,5,"Under 2,000 births",2.33,0.52,2.85
2018,131,NHS Dumfries & Galloway,Scotland,,,,West of Scotland,-3.597902512,55.05625703,1188,-1,-1,0,Suppressed due to small numbers,2.38,4,Within 5%,1.70 to 3.47,1183,-1,-1,0,Suppressed due to small numbers,0.54,4,Within 5%,0.21 to 1.21,6,5.05,5,Over 5% higher,2.92,4,Within 5%,2.27 to 4.06,5,"Under 2,000 births",2.33,0.52,2.85
2018,132,NHS Fife,Scotland,,,,South East Scotland & Tayside,-3.159847754,56.12589135,3229,15,4.65,5,Over 5% higher,4.08,4,Within 5%,3.35 to 4.98,3214,4,1.24,2,Over 15% lower,1.89,4,Within 5%,1.13 to 3.19,19,5.88,4,Within 5%,5.97,4,Within 5%,5.04 to 7.59,2,Level 3 NICU,3.95,1.92,5.86
2018,133,NHS Forth Valley,Scotland,,,,South East Scotland & Tayside,-3.846751399,56.02562602,2972,-1,-1,0,Suppressed due to small numbers,2.87,4,Within 5%,2.27 to 3.56,2968,-1,-1,0,Suppressed due to small numbers,0.99,3,5 to 15% lower,0.59 to 1.74,6,2.02,2,Over 15% lower,3.85,3,5 to 15% lower,3.16 to 4.94,4,"2,000-3,999 births",2.99,1.1,4.09
2018,134,NHS Grampian,Scotland,,,,North of Scotland,-2.13045461,57.15544641,5939,19,3.2,3,5 to 15% lower,3.8,4,Within 5%,3.11 to 4.68,5920,5,0.84,2,Over 15% lower,1.86,2,Over 15% lower,1.15 to 2.99,24,4.04,2,Over 15% lower,5.67,3,5 to 15% lower,4.88 to 7.29,1,Level 3 NICU & neonatal surgery,3.76,2.36,6.12
2018,135,NHS Greater Glasgow and Clyde,Scotland,,,,West of Scotland,-4.230958835,55.86530306,14456,48,3.32,3,5 to 15% lower,3.73,4,Within 5%,3.07 to 4.38,14408,21,1.46,2,Over 15% lower,1.79,2,Over 15% lower,1.21 to 2.59,69,4.77,2,Over 15% lower,5.48,3,5 to 15% lower,4.69 to 6.79,1,Level 3 NICU & neonatal surgery,3.76,2.36,6.12
2018,136,NHS Highland,Scotland,,,,North of Scotland,-4.191111835,57.47407654,2089,-1,-1,0,Suppressed due to small numbers,2.92,4,Within 5%,2.28 to 3.60,2086,-1,-1,0,Suppressed due to small numbers,1.01,3,5 to 15% lower,0.57 to 1.72,4,1.91,2,Over 15% lower,3.92,4,Within 5%,3.21 to 5.05,4,"2,000-3,999 births",2.99,1.1,4.09
2018,137,NHS Lanarkshire,Scotland,,,,West of Scotland,-3.940427958,55.77374248,4317,12,2.78,2,Over 15% lower,3.85,4,Within 5%,3.09 to 4.80,4305,6,1.39,2,Over 15% lower,1.82,3,5 to 15% lower,1.19 to 2.90,18,4.17,2,Over 15% lower,5.66,4,Within 5%,4.74 to 7.27,2,Level 3 NICU,3.95,1.92,5.86
2018,138,NHS Lothian,Scotland,,,,South East Scotland & Tayside,-3.521710122,55.89194335,8884,34,3.83,4,Within 5%,3.91,4,Within 5%,3.22 to 4.84,8850,16,1.81,2,Over 15% lower,2.22,3,5 to 15% lower,1.53 to 3.34,50,5.63,3,5 to 15% lower,6.12,4,Within 5%,5.30 to 7.78,1,Level 3 NICU & neonatal surgery,3.76,2.36,6.12
2018,139,NHS Orkney,Scotland,,,,North of Scotland,-2.964462892,58.97696196,123,-1,-1,0,Suppressed due to small numbers,2.33,4,Within 5%,1.53 to 3.13,123,-1,-1,0,Suppressed due to small numbers,0.52,4,Within 5%,0.16 to 1.12,-1,-1,0,Suppressed due to small numbers,2.84,4,Within 5%,1.95 to 3.80,5,"Under 2,000 births",2.33,0.52,2.85
2018,140,NHS Shetland,Scotland,,,,North of Scotland,-1.153721983,60.15149119,95,-1,-1,0,Suppressed due to small numbers,2.35,4,Within 5%,1.60 to 3.33,94,-1,-1,0,Suppressed due to small numbers,0.52,4,Within 5%,0.16 to 1.12,-1,-1,0,Suppressed due to small numbers,2.87,4,Within 5%,2.10 to 3.96,5,"Under 2,000 births",2.33,0.52,2.85
2018,141,NHS Tayside,Scotland,,,,South East Scotland & Tayside,-2.989889337,56.46176883,3891,14,3.6,3,5 to 15% lower,3.97,4,Within 5%,3.23 to 4.89,3877,11,2.84,5,Over 5% higher,2.54,5,Over 5% higher,1.62 to 4.04,25,6.43,5,Over 5% higher,6.5,5,Over 5% higher,5.45 to 8.34,2,Level 3 NICU,3.95,1.92,5.86
2018,142,NHS Western Isles,Scotland,,,,North of Scotland,-6.384727273,58.20842965,158,-1,-1,0,Suppressed due to small numbers,2.33,4,Within 5%,1.51 to 3.28,158,-1,-1,0,Suppressed due to small numbers,0.51,4,Within 5%,0.16 to 1.01,-1,-1,0,Suppressed due to small numbers,2.84,4,Within 5%,1.94 to 3.95,5,"Under 2,000 births",2.33,0.52,2.85
2018,143,Norfolk and Norwich University Hospitals NHS Foundation Trust,England,,,,East of England,1.222877256,52.61768167,5468,20,3.66,4,Within 5%,3.87,4,Within 5%,3.17 to 4.85,5448,7,1.28,2,Over 15% lower,1.95,2,Over 15% lower,1.23 to 3.06,27,4.94,2,Over 15% lower,5.77,3,5 to 15% lower,4.86 to 7.60,1,Level 3 NICU & neonatal surgery,3.76,2.36,6.12
2018,146,North Bristol NHS Trust,England,,,,South West,-2.591624554,51.49685773,6183,20,3.23,2,Over 15% lower,3.93,4,Within 5%,3.21 to 4.72,6163,5,0.81,2,Over 15% lower,1.52,2,Over 15% lower,0.92 to 2.53,25,4.04,2,Over 15% lower,5.44,3,5 to 15% lower,4.53 to 6.76,2,Level 3 NICU,3.95,1.92,5.86
2018,147,North Cumbria Integrated Care NHS Foundation Trust,England,,,,Northern,-2.953885393,54.89567363,2733,9,3.29,5,Over 5% higher,3.04,4,Within 5%,2.45 to 3.86,2724,4,1.47,5,Over 5% higher,1.21,5,Over 5% higher,0.67 to 2.05,13,4.76,5,Over 5% higher,4.26,4,Within 5%,3.55 to 5.53,4,"2,000-3,999 births",2.99,1.1,4.09
2018,151,North Middlesex University Hospital NHS Trust,England,,,,North Central & East London,-0.072723655,51.61262289,4664,24,5.15,5,Over 5% higher,3.47,4,Within 5%,2.93 to 4.36,4640,6,1.29,5,Over 5% higher,1.2,4,Within 5%,0.76 to 1.88,30,6.43,5,Over 5% higher,4.67,4,Within 5%,4.04 to 5.89,3,"4,000 or more births",3.38,1.21,4.58
2018,153,North Tees and Hartlepool NHS Foundation Trust,England,,,,Northern,-1.345164317,54.58280165,2751,-1,-1,0,Suppressed due to small numbers,3.79,4,Within 5%,3.01 to 4.73,2745,-1,-1,0,Suppressed due to small numbers,1.62,2,Over 15% lower,0.94 to 2.84,7,2.54,2,Over 15% lower,5.45,3,5 to 15% lower,4.50 to 6.90,2,Level 3 NICU,3.95,1.92,5.86
2018,171,North West Anglia NHS Foundation Trust,England,,,,East of England,-0.201046184,52.33293648,6844,20,2.92,3,5 to 15% lower,3.32,4,Within 5%,2.73 to 4.04,6824,9,1.32,5,Over 5% higher,1.36,5,Over 5% higher,0.84 to 2.17,29,4.24,3,5 to 15% lower,4.66,4,Within 5%,3.98 to 5.93,3,"4,000 or more births",3.38,1.21,4.58
2018,155,Northampton General Hospital NHS Trust,England,,,,Central,-0.885138163,52.23671859,4732,-1,-1,0,Suppressed due to small numbers,3.45,4,Within 5%,2.87 to 4.23,4714,-1,-1,0,Suppressed due to small numbers,0.98,2,Over 15% lower,0.58 to 1.61,20,4.23,3,5 to 15% lower,4.41,4,Within 5%,3.81 to 5.59,3,"4,000 or more births",3.38,1.21,4.58
2018,157,Northern Devon Healthcare NHS Trust,England,,,,South West,-4.049989348,51.09169781,1329,-1,-1,0,Suppressed due to small numbers,2.31,4,Within 5%,1.49 to 3.18,1327,-1,-1,0,Suppressed due to small numbers,0.49,3,5 to 15% lower,0.14 to 0.99,-1,-1,0,Suppressed due to small numbers,2.8,4,Within 5%,1.96 to 3.81,5,"Under 2,000 births",2.33,0.52,2.85
2018,158,Northern Health and Social Care Trust,Northern Ireland,,,,Northern Ireland,-6.186417153,54.73124396,3771,9,2.39,2,Over 15% lower,2.95,4,Within 5%,2.34 to 3.65,3762,7,1.86,5,Over 5% higher,1.3,5,Over 5% higher,0.78 to 2.30,16,4.24,4,Within 5%,4.26,4,Within 5%,3.60 to 5.58,4,"2,000-3,999 births",2.99,1.1,4.09
2018,160,Northern Lincolnshire and Goole Hospitals NHS Foundation Trust,England,,,,Yorkshire & Humber,-0.094514124,53.54459277,4137,-1,-1,0,Suppressed due to small numbers,3.41,4,Within 5%,2.81 to 4.14,4122,-1,-1,0,Suppressed due to small numbers,0.98,2,Over 15% lower,0.59 to 1.64,17,4.11,3,5 to 15% lower,4.37,4,Within 5%,3.75 to 5.52,3,"4,000 or more births",3.38,1.21,4.58
2018,162,Northumbria Healthcare NHS Foundation Trust,England,,,,Northern,-1.545003845,55.18425273,3143,-1,-1,0,Suppressed due to small numbers,3.07,4,Within 5%,2.52 to 3.93,3131,-1,-1,0,Suppressed due to small numbers,0.91,2,Over 15% lower,0.49 to 1.64,12,3.82,3,5 to 15% lower,4.01,4,Within 5%,3.39 to 5.23,4,"2,000-3,999 births",2.99,1.1,4.09
2018,163,Nottingham University Hospitals NHS Trust,England,,,,Trent,-1.184256426,52.94311206,9026,23,2.55,2,Over 15% lower,3.47,3,5 to 15% lower,2.66 to 4.29,9003,17,1.89,2,Over 15% lower,2.01,2,Over 15% lower,1.38 to 2.97,40,4.43,2,Over 15% lower,5.46,3,5 to 15% lower,4.55 to 6.94,1,Level 3 NICU & neonatal surgery,3.76,2.36,6.12
2018,166,Oxford University Hospitals NHS Trust,England,,,,Thames Valley and Wessex,-1.21831457,51.7634068,7779,33,4.24,5,Over 5% higher,4.03,5,Over 5% higher,3.20 to 5.05,7746,19,2.45,4,Within 5%,2.25,4,Within 5%,1.63 to 3.26,52,6.68,5,Over 5% higher,6.2,4,Within 5%,5.34 to 8.05,1,Level 3 NICU & neonatal surgery,3.76,2.36,6.12
2018,173,Poole Hospital NHS Foundation Trust,England,,,,Thames Valley and Wessex,-1.97174925,50.72141378,4296,7,1.63,2,Over 15% lower,3.21,3,5 to 15% lower,2.52 to 3.92,4289,4,0.93,2,Over 15% lower,1.19,4,Within 5%,0.72 to 1.97,11,2.56,2,Over 15% lower,4.39,4,Within 5%,3.62 to 5.56,3,"4,000 or more births",3.38,1.21,4.58
2018,174,Portsmouth Hospitals NHS Trust,England,,,,Thames Valley and Wessex,-1.069849895,50.84901719,5460,15,2.75,2,Over 15% lower,3.83,4,Within 5%,3.05 to 4.62,5445,4,0.73,2,Over 15% lower,1.47,2,Over 15% lower,0.91 to 2.38,19,3.48,2,Over 15% lower,5.27,3,5 to 15% lower,4.40 to 6.72,2,Level 3 NICU,3.95,1.92,5.86
2018,175,Powys Teaching Health Board,Wales,,,,Wales,-3.375937835,52.24171495,217,-1,-1,0,Suppressed due to small numbers,2.32,4,Within 5%,1.54 to 3.24,217,-1,-1,0,Suppressed due to small numbers,0.52,4,Within 5%,0.15 to 1.03,-1,-1,0,Suppressed due to small numbers,2.84,4,Within 5%,1.97 to 3.90,5,"Under 2,000 births",2.33,0.52,2.85
2018,296,RAF Lakenheath (48th Medical Group),England,,,,,0.529492368,52.41753102,385,-1,-1,0,Suppressed due to small numbers,2.34,4,Within 5%,1.59 to 3.30,384,-1,-1,0,Suppressed due to small numbers,0.51,4,Within 5%,0.17 to 1.12,-1,-1,0,Suppressed due to small numbers,2.85,4,Within 5%,2.05 to 4.00,5,"Under 2,000 births",2.33,0.52,2.85
2018,179,Royal Berkshire NHS Foundation Trust,England,,,,Thames Valley and Wessex,-0.957135461,51.45089843,4881,16,3.28,4,Within 5%,3.38,4,Within 5%,2.75 to 4.15,4865,6,1.23,4,Within 5%,1.23,4,Within 5%,0.79 to 1.96,22,4.51,4,Within 5%,4.61,4,Within 5%,3.93 to 5.82,3,"4,000 or more births",3.38,1.21,4.58
2018,181,Royal Cornwall Hospitals NHS Trust,England,,,,South West,-5.090448701,50.266099,4099,20,4.88,5,Over 5% higher,3.61,5,Over 5% higher,2.90 to 4.50,4079,3,0.74,2,Over 15% lower,1.15,4,Within 5%,0.68 to 1.98,23,5.61,5,Over 5% higher,4.76,4,Within 5%,4.02 to 6.16,3,"4,000 or more births",3.38,1.21,4.58
2018,182,Royal Devon and Exeter NHS Foundation Trust,England,,,,South West,-3.505486219,50.71615799,3931,13,3.31,5,Over 5% higher,3.07,4,Within 5%,2.47 to 3.87,3918,6,1.53,5,Over 5% higher,1.29,5,Over 5% higher,0.76 to 2.26,19,4.83,5,Over 5% higher,4.36,5,Over 5% higher,3.63 to 5.69,4,"2,000-3,999 births",2.99,1.1,4.09
2018,183,Royal Free London NHS Foundation Trust,England,,,,North Central & East London,-0.163719546,51.55271968,8515,16,1.88,2,Over 15% lower,3.02,3,5 to 15% lower,2.29 to 3.86,8499,6,0.71,2,Over 15% lower,1.05,3,5 to 15% lower,0.64 to 1.65,22,2.58,2,Over 15% lower,4.06,3,5 to 15% lower,3.29 to 5.28,3,"4,000 or more births",3.38,1.21,4.58
2018,187,Royal Surrey County Hospital NHS Foundation Trust,England,,,,South East Coast,-0.605921012,51.24049143,2851,4,1.4,2,Over 15% lower,2.9,4,Within 5%,2.30 to 3.63,2847,4,1.4,5,Over 5% higher,1.2,5,Over 5% higher,0.68 to 2.02,8,2.81,2,Over 15% lower,4.11,4,Within 5%,3.39 to 5.33,4,"2,000-3,999 births",2.99,1.1,4.09
2018,188,Royal United Hospitals Bath NHS Foundation Trust,England,,,,South West,-2.389859982,51.39117508,4555,15,3.29,4,Within 5%,3.45,4,Within 5%,2.81 to 4.21,4540,5,1.1,3,5 to 15% lower,1.26,4,Within 5%,0.77 to 1.94,20,4.39,4,Within 5%,4.71,4,Within 5%,4.01 to 5.90,3,"4,000 or more births",3.38,1.21,4.58
2018,190,Salisbury NHS Foundation Trust,England,,,,Thames Valley and Wessex,-1.788422772,51.04341634,2193,-1,-1,0,Suppressed due to small numbers,3.03,4,Within 5%,2.34 to 3.73,2186,-1,-1,0,Suppressed due to small numbers,1.02,3,5 to 15% lower,0.59 to 1.76,8,3.65,3,5 to 15% lower,4.04,4,Within 5%,3.19 to 5.16,4,"2,000-3,999 births",2.99,1.1,4.09
2018,191,Sandwell and West Birmingham Hospitals NHS Trust,England,,,,Southern West Midlands,-1.927989395,52.48945252,5502,30,5.45,5,Over 5% higher,3.44,4,Within 5%,2.89 to 4.15,5472,14,2.56,5,Over 5% higher,1.64,5,Over 5% higher,1.03 to 2.62,44,8,5,Over 5% higher,5.04,5,Over 5% higher,4.36 to 6.37,3,"4,000 or more births",3.38,1.21,4.58
2018,195,Sheffield Teaching Hospitals NHS Foundation Trust,England,,,,Yorkshire & Humber,-1.493241385,53.37878194,6612,37,5.6,5,Over 5% higher,4.12,5,Over 5% higher,3.22 to 5.23,6575,21,3.19,5,Over 5% higher,2.57,5,Over 5% higher,1.80 to 3.91,58,8.77,5,Over 5% higher,6.67,5,Over 5% higher,5.65 to 8.74,1,Level 3 NICU & neonatal surgery,3.76,2.36,6.12
2018,196,Sherwood Forest Hospitals NHS Foundation Trust,England,,,,Trent,-1.236547636,53.13438815,3250,7,2.15,2,Over 15% lower,2.92,4,Within 5%,2.34 to 3.61,3243,3,0.93,2,Over 15% lower,1.06,4,Within 5%,0.63 to 1.83,10,3.08,2,Over 15% lower,3.97,4,Within 5%,3.32 to 5.07,4,"2,000-3,999 births",2.99,1.1,4.09
2018,203,South Eastern Health and Social Care Trust,Northern Ireland,,,,Northern Ireland,-5.815271671,54.59562351,4302,10,2.32,2,Over 15% lower,3.29,4,Within 5%,2.62 to 4.03,4292,5,1.16,4,Within 5%,1.26,4,Within 5%,0.77 to 2.01,15,3.49,2,Over 15% lower,4.54,4,Within 5%,3.82 to 5.82,3,"4,000 or more births",3.38,1.21,4.58
2018,208,South Tees Hospitals NHS Foundation Trust,England,,,,Northern,-1.212663505,54.55193794,5058,17,3.36,3,5 to 15% lower,3.88,4,Within 5%,3.16 to 4.71,5041,11,2.18,5,Over 5% higher,2,4,Within 5%,1.30 to 3.04,28,5.54,3,5 to 15% lower,5.88,4,Within 5%,4.86 to 7.44,2,Level 3 NICU,3.95,1.92,5.86
2018,47,South Tyneside and Sunderland NHS Foundation Trust,England,,,,Northern,-1.409416252,54.90297062,4025,17,4.22,5,Over 5% higher,4,4,Within 5%,3.32 to 4.97,4008,10,2.5,5,Over 5% higher,2.38,5,Over 5% higher,1.54 to 3.71,27,6.71,5,Over 5% higher,6.33,5,Over 5% higher,5.38 to 8.00,2,Level 3 NICU,3.95,1.92,5.86
2018,210,South Warwickshire NHS Foundation Trust,England,,,,Central,-1.581745021,52.289553,2868,-1,-1,0,Suppressed due to small numbers,2.87,4,Within 5%,2.20 to 3.51,2865,-1,-1,0,Suppressed due to small numbers,1.02,3,5 to 15% lower,0.58 to 1.80,4,1.39,2,Over 15% lower,3.9,4,Within 5%,3.20 to 4.94,4,"2,000-3,999 births",2.99,1.1,4.09
2018,214,Southend University Hospital NHS Foundation Trust,England,,,,East of England,0.690794649,51.55331719,3525,10,2.84,3,5 to 15% lower,2.97,4,Within 5%,2.41 to 3.71,3515,6,1.71,5,Over 5% higher,1.27,5,Over 5% higher,0.76 to 2.14,16,4.54,5,Over 5% higher,4.24,4,Within 5%,3.53 to 5.58,4,"2,000-3,999 births",2.99,1.1,4.09
2018,215,Southern Health and Social Care Trust,Northern Ireland,,,,Northern Ireland,-6.408208352,54.43303066,5657,22,3.89,5,Over 5% higher,3.52,4,Within 5%,2.88 to 4.27,5635,6,1.06,3,5 to 15% lower,1.18,4,Within 5%,0.75 to 1.88,28,4.95,5,Over 5% higher,4.69,4,Within 5%,4.01 to 5.82,3,"4,000 or more births",3.38,1.21,4.58
2018,217,Southport & Ormskirk Hospital NHS Trust,England,,,,North West (Cheshire and Merseyside),-2.870245801,53.56430289,2257,-1,-1,0,Suppressed due to small numbers,2.96,4,Within 5%,2.35 to 3.63,2252,-1,-1,0,Suppressed due to small numbers,1.11,4,Within 5%,0.65 to 1.96,7,3.1,2,Over 15% lower,4.07,4,Within 5%,3.42 to 5.22,4,"2,000-3,999 births",2.99,1.1,4.09
2018,218,St George's University Hospitals NHS Foundation Trust,England,,,,South London,-0.174148139,51.42620837,4948,21,4.24,5,Over 5% higher,3.81,4,Within 5%,3.13 to 4.65,4927,12,2.44,4,Within 5%,2.23,3,5 to 15% lower,1.51 to 3.39,33,6.67,5,Over 5% higher,6,4,Within 5%,5.15 to 7.80,1,Level 3 NICU & neonatal surgery,3.76,2.36,6.12
2018,219,St Helens and Knowsley Teaching Hospitals NHS Trust,England,,,,North West (Cheshire and Merseyside),-2.784641838,53.42056512,4083,-1,-1,0,Suppressed due to small numbers,3.58,5,Over 5% higher,2.93 to 4.51,4063,-1,-1,0,Suppressed due to small numbers,0.94,2,Over 15% lower,0.54 to 1.58,21,5.14,5,Over 5% higher,4.48,4,Within 5%,3.83 to 5.77,3,"4,000 or more births",3.38,1.21,4.58
2018,221,States of Guernsey Health & Social Services,Crown Dependencies,,,,,-2.515179348,49.48585143,501,-1,-1,0,Suppressed due to small numbers,2.31,4,Within 5%,1.57 to 3.25,500,-1,-1,0,Suppressed due to small numbers,0.51,4,Within 5%,0.16 to 1.10,-1,-1,0,Suppressed due to small numbers,2.82,4,Within 5%,2.02 to 3.84,5,"Under 2,000 births",2.33,0.52,2.85
2018,222,States of Jersey Health & Social Services,Crown Dependencies,,,,,-2.137351721,49.22482351,936,-1,-1,0,Suppressed due to small numbers,2.35,4,Within 5%,1.55 to 3.37,933,-1,-1,0,Suppressed due to small numbers,0.5,4,Within 5%,0.15 to 1.01,3,3.21,5,Over 5% higher,2.85,4,Within 5%,2.01 to 4.05,5,"Under 2,000 births",2.33,0.52,2.85
2018,223,Stockport NHS Foundation Trust,England,,,,North West (Greater Manchester),-2.130571262,53.38352574,3194,-1,-1,0,Suppressed due to small numbers,3,4,Within 5%,2.39 to 3.64,3185,-1,-1,0,Suppressed due to small numbers,1.04,3,5 to 15% lower,0.60 to 1.73,11,3.44,2,Over 15% lower,4.03,4,Within 5%,3.40 to 5.01,4,"2,000-3,999 births",2.99,1.1,4.09
2018,225,Surrey and Sussex Healthcare NHS Trust,England,,,,South East Coast,-0.159697118,51.21806383,4487,8,1.78,2,Over 15% lower,3.22,4,Within 5%,2.47 to 3.93,4479,5,1.12,3,5 to 15% lower,1.16,4,Within 5%,0.68 to 1.90,13,2.9,2,Over 15% lower,4.37,4,Within 5%,3.57 to 5.57,3,"4,000 or more births",3.38,1.21,4.58
2018,3,Swansea Bay University Health Board,Wales,,,,Wales,-3.933945798,51.68418201,3585,15,4.18,5,Over 5% higher,4.02,4,Within 5%,3.25 to 5.00,3570,7,1.96,4,Within 5%,1.98,4,Within 5%,1.25 to 3.15,22,6.14,4,Within 5%,5.99,4,Within 5%,4.95 to 7.61,2,Level 3 NICU,3.95,1.92,5.86
2018,228,Tameside and Glossop Integrated Care NHS Foundation Trust,England,,,,North West (Greater Manchester),-2.07039635,53.49195449,2351,-1,-1,0,Suppressed due to small numbers,2.97,4,Within 5%,2.41 to 3.76,2344,-1,-1,0,Suppressed due to small numbers,0.97,3,5 to 15% lower,0.57 to 1.69,8,3.4,2,Over 15% lower,3.93,4,Within 5%,3.26 to 5.07,4,"2,000-3,999 births",2.99,1.1,4.09
2018,229,Taunton and Somerset NHS Foundation Trust,England,,,,South West,-3.118530964,51.01144534,3119,10,3.21,5,Over 5% higher,3.03,4,Within 5%,2.45 to 3.78,3109,6,1.93,5,Over 5% higher,1.3,5,Over 5% higher,0.76 to 2.16,16,5.13,5,Over 5% higher,4.35,5,Over 5% higher,3.62 to 5.60,4,"2,000-3,999 births",2.99,1.1,4.09
2018,234,The Dudley Group NHS Foundation Trust,England,,,,"Staffordshire, Shropshire and Black Country",-2.116333999,52.50194169,4319,14,3.24,4,Within 5%,3.32,4,Within 5%,2.69 to 3.95,4305,8,1.86,5,Over 5% higher,1.39,5,Over 5% higher,0.88 to 2.19,22,5.09,5,Over 5% higher,4.7,4,Within 5%,4.01 to 5.83,3,"4,000 or more births",3.38,1.21,4.58
2018,235,The Hillingdon Hospitals NHS Foundation Trust,England,,,,North West London,-0.459336062,51.52501248,4349,25,5.75,5,Over 5% higher,3.55,5,Over 5% higher,2.96 to 4.44,4324,3,0.69,2,Over 15% lower,1.04,3,5 to 15% lower,0.63 to 1.73,28,6.44,5,Over 5% higher,4.6,4,Within 5%,3.99 to 5.77,3,"4,000 or more births",3.38,1.21,4.58
2018,236,The Leeds Teaching Hospitals NHS Trust,England,,,,Yorkshire & Humber,-1.550207858,53.80122465,9640,37,3.84,4,Within 5%,3.72,4,Within 5%,3.07 to 4.57,9603,36,3.75,5,Over 5% higher,3.45,5,Over 5% higher,2.40 to 4.78,73,7.57,5,Over 5% higher,7.13,5,Over 5% higher,6.01 to 8.87,1,Level 3 NICU & neonatal surgery,3.76,2.36,6.12
2018,237,The Mid Yorkshire Hospitals NHS Trust,England,,,,Yorkshire & Humber,-1.649516027,53.70119228,6230,28,4.49,5,Over 5% higher,3.54,4,Within 5%,2.80 to 4.31,6202,12,1.93,5,Over 5% higher,1.48,5,Over 5% higher,0.95 to 2.29,40,6.42,5,Over 5% higher,5.02,5,Over 5% higher,4.18 to 6.35,3,"4,000 or more births",3.38,1.21,4.58
2018,238,The Newcastle upon Tyne Hospitals NHS Foundation Trust,England,,,,Northern,-1.616529648,54.97967207,6528,27,4.14,5,Over 5% higher,3.86,4,Within 5%,3.24 to 4.74,6501,24,3.69,5,Over 5% higher,2.79,5,Over 5% higher,1.92 to 4.14,51,7.81,5,Over 5% higher,6.71,5,Over 5% higher,5.68 to 8.69,1,Level 3 NICU & neonatal surgery,3.76,2.36,6.12
2018,240,The Pennine Acute Hospitals NHS Trust,England,,,,North West (Greater Manchester),-2.228044261,53.51763839,8632,33,3.82,4,Within 5%,3.81,4,Within 5%,3.11 to 4.56,8599,9,1.05,2,Over 15% lower,1.49,2,Over 15% lower,0.96 to 2.31,42,4.87,2,Over 15% lower,5.33,3,5 to 15% lower,4.58 to 6.67,2,Level 3 NICU,3.95,1.92,5.86
2018,295,The Portland Hospital for Women and Children,England,,,,,-0.142742248,51.52264789,1356,-1,-1,0,Suppressed due to small numbers,2.31,4,Within 5%,1.51 to 3.13,1354,-1,-1,0,Suppressed due to small numbers,0.54,4,Within 5%,0.20 to 1.15,3,2.21,2,Over 15% lower,2.84,4,Within 5%,1.97 to 3.76,5,"Under 2,000 births",2.33,0.52,2.85
2018,241,The Princess Alexandra Hospital NHS Trust,England,,,,East of England,0.08794533,51.77085972,4032,10,2.48,2,Over 15% lower,3.31,4,Within 5%,2.65 to 4.05,4022,4,0.99,2,Over 15% lower,1.22,4,Within 5%,0.72 to 2.01,14,3.47,2,Over 15% lower,4.53,4,Within 5%,3.83 to 5.68,3,"4,000 or more births",3.38,1.21,4.58
2018,242,The Queen Elizabeth Hospital King's Lynn NHS Foundation Trust,England,,,,East of England,0.448726136,52.75640638,2149,7,3.26,5,Over 5% higher,3.01,4,Within 5%,2.42 to 3.76,2142,4,1.87,5,Over 5% higher,1.26,5,Over 5% higher,0.76 to 2.13,11,5.12,5,Over 5% higher,4.27,4,Within 5%,3.56 to 5.55,4,"2,000-3,999 births",2.99,1.1,4.09
2018,244,The Rotherham NHS Foundation Trust,England,,,,Yorkshire & Humber,-1.341028407,53.41414179,2535,7,2.76,3,5 to 15% lower,2.95,4,Within 5%,2.40 to 3.62,2528,3,1.19,5,Over 5% higher,1.08,4,Within 5%,0.64 to 1.82,10,3.94,4,Within 5%,4.03,4,Within 5%,3.37 to 5.22,4,"2,000-3,999 births",2.99,1.1,4.09
2018,245,The Royal Bournemouth and Christchurch Hospitals NHS Foundation,England,,,,Thames Valley and Wessex,-1.819119647,50.74690894,247,-1,-1,0,Suppressed due to small numbers,2.32,4,Within 5%,1.49 to 3.24,247,-1,-1,0,Suppressed due to small numbers,0.52,4,Within 5%,0.16 to 1.07,-1,-1,0,Suppressed due to small numbers,2.84,4,Within 5%,1.97 to 3.83,5,"Under 2,000 births",2.33,0.52,2.85
2018,248,The Royal Wolverhampton NHS Trust,England,,,,"Staffordshire, Shropshire and Black Country",-2.094527291,52.5973726,5085,19,3.74,3,5 to 15% lower,3.85,4,Within 5%,3.12 to 4.65,5066,20,3.95,5,Over 5% higher,2.55,5,Over 5% higher,1.73 to 3.92,39,7.67,5,Over 5% higher,6.49,5,Over 5% higher,5.50 to 8.29,2,Level 3 NICU,3.95,1.92,5.86
2018,249,The Shrewsbury and Telford Hospital NHS Trust,England,,,,"Staffordshire, Shropshire and Black Country",-2.792407794,52.70902592,4594,17,3.7,5,Over 5% higher,3.45,4,Within 5%,2.80 to 4.26,4577,7,1.53,5,Over 5% higher,1.28,5,Over 5% higher,0.83 to 2.04,24,5.22,5,Over 5% higher,4.73,4,Within 5%,4.09 to 6.09,3,"4,000 or more births",3.38,1.21,4.58
2018,201,Torbay and South Devon NHS Foundation Trust,England,,,,South West,-3.55260877,50.48174493,2237,6,2.68,3,5 to 15% lower,2.98,4,Within 5%,2.40 to 3.72,2231,4,1.79,5,Over 5% higher,1.26,5,Over 5% higher,0.71 to 2.08,10,4.47,5,Over 5% higher,4.24,4,Within 5%,3.52 to 5.56,4,"2,000-3,999 births",2.99,1.1,4.09
2018,252,United Lincolnshire Hospitals NHS Trust,England,,,,Trent,-0.521162067,53.23501973,4929,21,4.26,5,Over 5% higher,3.54,4,Within 5%,2.92 to 4.36,4908,3,0.61,2,Over 15% lower,1.04,3,5 to 15% lower,0.64 to 1.76,24,4.87,5,Over 5% higher,4.55,4,Within 5%,3.92 to 5.76,3,"4,000 or more births",3.38,1.21,4.58
2018,253,University College London Hospitals NHS Foundation Trust,England,,,,North Central & East London,-0.13540634,51.52435718,6616,24,3.63,4,Within 5%,3.64,4,Within 5%,2.96 to 4.41,6592,18,2.73,5,Over 5% higher,2.39,4,Within 5%,1.64 to 3.48,42,6.35,4,Within 5%,6.03,4,Within 5%,5.15 to 7.61,1,Level 3 NICU & neonatal surgery,3.76,2.36,6.12
2018,257,University Hospital Southampton NHS Foundation Trust,England,,,,Thames Valley and Wessex,-1.433427399,50.93470067,5542,25,4.51,5,Over 5% higher,3.97,5,Over 5% higher,3.22 to 4.96,5517,17,3.08,5,Over 5% higher,2.86,5,Over 5% higher,1.87 to 4.15,42,7.58,5,Over 5% higher,6.86,5,Over 5% higher,5.80 to 8.68,1,Level 3 NICU & neonatal surgery,3.76,2.36,6.12
2018,254,University Hospitals Birmingham NHS Foundation Trust,England,,,,Southern West Midlands,-1.828516849,52.47984667,9383,40,4.26,5,Over 5% higher,3.89,4,Within 5%,3.06 to 4.33,9343,26,2.78,5,Over 5% higher,2.69,5,Over 5% higher,2.02 to 3.80,66,7.03,5,Over 5% higher,6.49,5,Over 5% higher,5.23 to 7.69,2,Level 3 NICU,3.95,1.92,5.86
2018,259,University Hospitals Bristol NHS Foundation Trust,England,,,,South West,-2.598068899,51.45865124,5045,33,6.54,5,Over 5% higher,4.26,5,Over 5% higher,3.22 to 5.97,5012,17,3.39,5,Over 5% higher,3.15,5,Over 5% higher,1.97 to 4.83,50,9.91,5,Over 5% higher,7.4,5,Over 5% higher,5.91 to 9.77,1,Level 3 NICU & neonatal surgery,3.76,2.36,6.12
2018,258,University Hospitals Coventry and Warwickshire NHS Trust,England,,,,Central,-1.442011385,52.42103979,5966,19,3.18,2,Over 15% lower,3.8,4,Within 5%,3.01 to 4.62,5947,3,0.5,2,Over 15% lower,1.25,2,Over 15% lower,0.75 to 2.09,22,3.69,2,Over 15% lower,5.01,3,5 to 15% lower,4.19 to 6.34,2,Level 3 NICU,3.95,1.92,5.86
2018,172,University Hospitals Plymouth NHS Trust,England,,,,South West,-4.112568414,50.4161388,4013,15,3.74,3,5 to 15% lower,3.99,4,Within 5%,3.24 to 4.80,3998,5,1.25,2,Over 15% lower,1.69,3,5 to 15% lower,1.10 to 2.77,20,4.98,3,5 to 15% lower,5.65,4,Within 5%,4.75 to 7.29,2,Level 3 NICU,3.95,1.92,5.86
2018,33,University Hospitals of Derby and Burton NHS Foundation Trust,England,,,,Central,-1.511817437,52.91123086,9169,29,3.16,3,5 to 15% lower,3.34,4,Within 5%,2.73 to 3.98,9140,15,1.64,5,Over 5% higher,1.37,5,Over 5% higher,0.93 to 2.12,44,4.8,4,Within 5%,4.74,4,Within 5%,4.04 to 5.89,3,"4,000 or more births",3.38,1.21,4.58
2018,260,University Hospitals of Leicester NHS Trust,England,,,,Central,-1.133266667,52.6274521,9969,26,2.61,2,Over 15% lower,3.46,3,5 to 15% lower,2.74 to 4.26,9943,28,2.82,5,Over 5% higher,2.68,5,Over 5% higher,1.91 to 3.84,54,5.42,3,5 to 15% lower,6.15,4,Within 5%,5.16 to 7.82,1,Level 3 NICU & neonatal surgery,3.76,2.36,6.12
2018,261,University Hospitals of Morecambe Bay NHS Foundation Trust,England,,,,North West (Lancashire and South Cumbria),-2.797627248,54.04271457,3075,13,4.23,5,Over 5% higher,3.13,4,Within 5%,2.52 to 3.98,3062,3,0.98,3,5 to 15% lower,1.1,4,Within 5%,0.65 to 1.86,16,5.2,5,Over 5% higher,4.21,4,Within 5%,3.45 to 5.49,4,"2,000-3,999 births",2.99,1.1,4.09
2018,255,University Hospitals of North Midlands NHS Trust,England,,,,"Staffordshire, Shropshire and Black Country",-2.213448652,53.00371614,6533,31,4.75,5,Over 5% higher,4.17,5,Over 5% higher,3.38 to 5.30,6502,15,2.31,5,Over 5% higher,2.23,5,Over 5% higher,1.49 to 3.49,46,7.04,5,Over 5% higher,6.4,5,Over 5% higher,5.38 to 8.35,2,Level 3 NICU,3.95,1.92,5.86
2018,264,Walsall Healthcare NHS Trust,England,,,,"Staffordshire, Shropshire and Black Country",-1.996014559,52.58433757,3482,17,4.88,5,Over 5% higher,3.08,4,Within 5%,2.50 to 3.89,3465,8,2.31,5,Over 5% higher,1.33,5,Over 5% higher,0.81 to 2.20,25,7.18,5,Over 5% higher,4.43,5,Over 5% higher,3.71 to 5.77,4,"2,000-3,999 births",2.99,1.1,4.09
2018,265,Warrington and Halton Hospitals NHS Foundation Trust,England,,,,North West (Cheshire and Merseyside),-2.609341062,53.39372889,2829,-1,-1,0,Suppressed due to small numbers,3.1,4,Within 5%,2.50 to 3.96,2817,-1,-1,0,Suppressed due to small numbers,1.01,3,5 to 15% lower,0.62 to 1.71,14,4.95,5,Over 5% higher,4.09,4,Within 5%,3.36 to 5.40,4,"2,000-3,999 births",2.99,1.1,4.09
2018,267,West Hertfordshire Hospitals NHS Trust,England,,,,East of England,-0.402891292,51.64856107,4642,21,4.52,5,Over 5% higher,3.56,5,Over 5% higher,2.92 to 4.46,4621,4,0.87,2,Over 15% lower,1.1,3,5 to 15% lower,0.69 to 1.81,25,5.39,5,Over 5% higher,4.63,4,Within 5%,3.97 to 5.96,3,"4,000 or more births",3.38,1.21,4.58
2018,271,West Suffolk NHS Foundation Trust,England,,,,East of England,0.710909012,52.23122207,2428,-1,-1,0,Suppressed due to small numbers,2.95,4,Within 5%,2.35 to 3.64,2423,-1,-1,0,Suppressed due to small numbers,1.02,3,5 to 15% lower,0.58 to 1.77,6,2.47,2,Over 15% lower,3.98,4,Within 5%,3.31 to 5.11,4,"2,000-3,999 births",2.99,1.1,4.09
2018,272,Western Health and Social Care Trust,Northern Ireland,,,,Northern Ireland,-7.289666455,54.98609338,3830,20,5.22,5,Over 5% higher,3.21,5,Over 5% higher,2.55 to 4.20,3810,3,0.79,2,Over 15% lower,1.06,4,Within 5%,0.63 to 1.78,23,6.01,5,Over 5% higher,4.27,4,Within 5%,3.57 to 5.61,4,"2,000-3,999 births",2.99,1.1,4.09
2018,273,Western Sussex Hospitals NHS Foundation Trust,England,,,,South East Coast,-0.766518844,50.84298533,4988,12,2.41,2,Over 15% lower,3.3,4,Within 5%,2.68 to 3.97,4976,8,1.61,5,Over 5% higher,1.45,5,Over 5% higher,0.91 to 2.37,20,4.01,3,5 to 15% lower,4.75,4,Within 5%,3.99 to 6.09,3,"4,000 or more births",3.38,1.21,4.58
2018,274,Weston Area Health NHS Trust,England,,,,South West,-2.970124116,51.32184433,94,-1,-1,0,Suppressed due to small numbers,2.33,4,Within 5%,1.57 to 3.19,94,-1,-1,0,Suppressed due to small numbers,0.52,4,Within 5%,0.16 to 1.19,-1,-1,0,Suppressed due to small numbers,2.85,4,Within 5%,2.02 to 3.82,5,"Under 2,000 births",2.33,0.52,2.85
2018,275,Whittington Health,England,,,,North Central & East London,-0.136567326,51.56617747,3553,13,3.66,5,Over 5% higher,2.98,4,Within 5%,2.42 to 3.63,3540,5,1.41,5,Over 5% higher,1.24,5,Over 5% higher,0.72 to 2.19,18,5.07,5,Over 5% higher,4.19,4,Within 5%,3.54 to 5.34,4,"2,000-3,999 births",2.99,1.1,4.09
2018,277,Wirral University Teaching Hospital NHS Foundation Trust,England,,,,North West (Cheshire and Merseyside),-3.094116229,53.37059131,3182,10,3.14,2,Over 15% lower,3.92,4,Within 5%,3.12 to 4.86,3172,13,4.1,5,Over 5% higher,2.53,5,Over 5% higher,1.64 to 3.97,23,7.23,5,Over 5% higher,6.63,5,Over 5% higher,5.35 to 8.72,2,Level 3 NICU,3.95,1.92,5.86
2018,278,Worcestershire Acute Hospitals NHS Trust,England,,,,Southern West Midlands,-2.179746826,52.19080202,5253,17,3.24,4,Within 5%,3.4,4,Within 5%,2.76 to 4.16,5236,6,1.15,3,5 to 15% lower,1.14,3,5 to 15% lower,0.72 to 1.79,23,4.38,4,Within 5%,4.53,4,Within 5%,3.81 to 5.64,3,"4,000 or more births",3.38,1.21,4.58
2018,280,"Wrightington, Wigan and Leigh NHS Foundation Trust",England,,,,North West (Greater Manchester),-2.628130455,53.55731518,2618,-1,-1,0,Suppressed due to small numbers,3.06,4,Within 5%,2.48 to 3.80,2608,-1,-1,0,Suppressed due to small numbers,1.06,4,Within 5%,0.61 to 1.88,12,4.58,5,Over 5% higher,4.12,4,Within 5%,3.46 to 5.30,4,"2,000-3,999 births",2.99,1.1,4.09
2018,281,Wye Valley NHS Trust,England,,,,Southern West Midlands,-2.704202097,52.05653344,1693,-1,-1,0,Suppressed due to small numbers,2.29,4,Within 5%,1.51 to 3.02,1691,-1,-1,0,Suppressed due to small numbers,0.61,5,Over 5% higher,0.31 to 1.35,5,2.95,4,Within 5%,2.93,4,Within 5%,2.15 to 4.10,5,"Under 2,000 births",2.33,0.52,2.85
2018,282,Yeovil District Hospital NHS Foundation Trust,England,,,,South West,-2.632606666,50.94475809,1399,-1,-1,0,Suppressed due to small numbers,2.4,4,Within 5%,1.70 to 3.43,1393,-1,-1,0,Suppressed due to small numbers,0.53,4,Within 5%,0.20 to 1.07,7,5,5,Over 5% higher,2.93,4,Within 5%,2.21 to 4.10,5,"Under 2,000 births",2.33,0.52,2.85
2018,283,York Teaching Hospital NHS Foundation Trust,England,,,,Yorkshire & Humber,-1.082040355,53.97033932,4529,8,1.77,2,Over 15% lower,3.23,4,Within 5%,2.53 to 3.91,4521,3,0.66,2,Over 15% lower,1.08,3,5 to 15% lower,0.67 to 1.82,11,2.43,2,Over 15% lower,4.3,3,5 to 15% lower,3.57 to 5.59,3,"4,000 or more births",3.38,1.21,4.58
